Comment,Link
quá đã,https://www.tiktok.com/@lipovitan.vn/video/7319377994055748871
Thôi anhoi111111111111111111111111111111111111111111111111111111111111111111111111111111111111111111111111111112111222211221112221212211212211212121😏,https://www.tiktok.com/@lipovitan.vn/video/7319377994055748871
sản phẩm oke lắm ạ,https://www.tiktok.com/@lipovitan.vn/video/7319377581101370632
tài xế kiểu🤯,https://www.tiktok.com/@lipovitan.vn/video/7319377699707899154
Nhà xe nào bị thanh tra vậy,https://www.tiktok.com/@lipovitan.vn/video/7319377699707899154
vé máy bay năm nào cũng max 😌,https://www.tiktok.com/@lipovitan.vn/video/7319377699707899154
Đi nhà xe tiến phương cx đc mà,https://www.tiktok.com/@lipovitan.vn/video/7319377699707899154
Ai coi tử vi nữa,https://www.tiktok.com/@lipovitan.vn/video/7319377699707899154
Cái gói này mua trong vòng 3 tháng hả,https://www.tiktok.com/@lipovitan.vn/video/7319377699707899154
Làm sao mà tồn tại với lương ít như thế này đây,https://www.tiktok.com/@lipovitan.vn/video/7319377699707899154
Bạn có bán ở khu vực miền bắc không vì minh muốn kí hợp đồng bảo hiểm nhân thọ,https://www.tiktok.com/@lipovitan.vn/video/7319377699707899154
mn ơi tag anh trong clip hộ mình đc ko ạ,https://www.tiktok.com/@lipovitan.vn/video/7319377699707899154
Mình muốn mua quần size 33,https://www.tiktok.com/@lipovitan.vn/video/7319377699707899154
Mình chưa biết về cái điều kiện hợp đồng bảo hiểm,https://www.tiktok.com/@lipovitan.vn/video/7319377699707899154
[Blink],https://www.tiktok.com/@lipovitan.vn/video/7319377699707899154
Mình muốn mua quần size 33,https://www.tiktok.com/@lipovitan.vn/video/7319377699707899154
Hiệu quả sử dụng cũng tốt lém nha,https://www.tiktok.com/@lipovitan.vn/video/7319377699707899154
Hãng nào mà đặg bạn này vậy trời ơi,https://www.tiktok.com/@lipovitan.vn/video/7319377699707899154
Anh Kiệt gì cũng bắt,https://www.tiktok.com/@lipovitan.vn/video/7319377699707899154
Bên bạn có bán quần nam không,https://www.tiktok.com/@lipovitan.vn/video/7319377699707899154
ui tin real hả mn😳😳,https://www.tiktok.com/@lipovitan.vn/video/7319377699707899154
"sinh viên khỏi về nhà🥹, ôi xa nhà 2 năm r🥺",https://www.tiktok.com/@lipovitan.vn/video/7319377699707899154
"Màu sắc của cái đầm này trắng quá, có màu kem không vậy shop",https://www.tiktok.com/@lipovitan.vn/video/7319377699707899154
chưa có năm nào mà tôi lại sợ tết như năm nay🥺🥺,https://www.tiktok.com/@lipovitan.vn/video/7319370817857441031
giàu mới nôn tết,https://www.tiktok.com/@lipovitan.vn/video/7319370817857441031
Ước là đừng có tết,https://www.tiktok.com/@lipovitan.vn/video/7319370817857441031
năm nay mình sợ tết we hi vọng tết năm nay tới chậm 1 chút 😳,https://www.tiktok.com/@lipovitan.vn/video/7319370817857441031
em cũng ở Hà Tĩnh,https://www.tiktok.com/@lipovitan.vn/video/7319370817857441031
Hồi hai năm trc lm cty nhật tui uống polivitan hoài í mà kím ở ngoài k thấy bán,https://www.tiktok.com/@lipovitan.vn/video/7319370817857441031
thôi ko có mong nha đang ko có xiền 😂😂😂😂😂,https://www.tiktok.com/@lipovitan.vn/video/7319370817857441031
"E nghệ an đây,bình dương về nfhe ăn ngày tết vé xe 1800k",https://www.tiktok.com/@lipovitan.vn/video/7319370817857441031
Thi có tiền nôn Tết..còn ng ko tiền dau ai mong tet,https://www.tiktok.com/@lipovitan.vn/video/7319370817857441031
nước tăng lực leviathan😂😂😂😂,https://www.tiktok.com/@lipovitan.vn/video/7319370817857441031
tết năm nay chán thiệt chưa có năm nào chán như năm nay,https://www.tiktok.com/@lipovitan.vn/video/7319370817857441031
Lúc nhỏ thì em rất thích Tết nhưng bây giờ em ko còn thích Tết nữa tại vì đến Tết thì ba mẹ càng ngày càng già đi một tuổi 😞😕🙁,https://www.tiktok.com/@lipovitan.vn/video/7319370817857441031
năm nay có Tết luôn hả 😂,https://www.tiktok.com/@lipovitan.vn/video/7319370817857441031
[gerera],https://www.tiktok.com/@lipovitan.vn/video/7319370817857441031
năm nay được gần chồng con không trời,https://www.tiktok.com/@lipovitan.vn/video/7319370817857441031
ướp có cả đá nữa cờ à😅,https://www.tiktok.com/@lipovitan.vn/video/7319370817857441031
đã là thịt kho rồi sao lại kho 🥺🥺,https://www.tiktok.com/@lipovitan.vn/video/7319370817857441031
Hồi xưa còn bán lipoviten uống ngon cực,https://www.tiktok.com/@lipovitan.vn/video/7319370817857441031
có,https://www.tiktok.com/@lipovitan.vn/video/7319370817857441031
thấy có bồng màu vàng giống cây lá ngót phải không mn,https://www.tiktok.com/@lipovitan.vn/video/7319370817857441031
Nhà Tui Ở bình dương về quê tận đồng tháp tận 6 tiếng=},https://www.tiktok.com/@lipovitan.vn/video/7319370995943410952
"1 ngày 1 đêm là tới nhà, mình ở nghệ an😅",https://www.tiktok.com/@lipovitan.vn/video/7319370995943410952
Sao khôg đi hãng máy bay cho nhanh ạ 🥰,https://www.tiktok.com/@lipovitan.vn/video/7319370995943410952
May thế t gần. Did xe máy 😂,https://www.tiktok.com/@lipovitan.vn/video/7319370995943410952
từ nhà t về quê đi xe máy hơn 1tiếng một xí😁,https://www.tiktok.com/@lipovitan.vn/video/7319370995943410952
"THANH HOÁ … NĂM NÀY KHÔNG BIẾT 26, HAY 27 VỀ",https://www.tiktok.com/@lipovitan.vn/video/7319370995943410952
Hồi đó nhớ đi chung xe với mẹ nằm 1 cái dường tới trạm dừng chân mẹ kêu xuống đi vệ sinh ko đi vì buồn ngủ lúc mẹ xuống xe đi vệ sinh ngta nói còn 2p,https://www.tiktok.com/@lipovitan.vn/video/7319370995943410952
trời ông nói z chắc. xe máy có để làm gì. mà phải đặc xe,https://www.tiktok.com/@lipovitan.vn/video/7319370995943410952
tui cx ở bình dương(thuận an),https://www.tiktok.com/@lipovitan.vn/video/7319370995943410952
600km xe máy đi 13 tiếng 😅😅😅,https://www.tiktok.com/@lipovitan.vn/video/7319370995943410952
nhà tui ở quê mà:)?,https://www.tiktok.com/@lipovitan.vn/video/7319370995943410952
bình thường 200 trăm tết gần 500 trăm,https://www.tiktok.com/@lipovitan.vn/video/7319370995943410952
t ở tuyên quang đag làm ở hcm sắp về rồi từ hcm về chỗ t 3 ngày,https://www.tiktok.com/@lipovitan.vn/video/7319370995943410952
"học ở Biên Hòa, về Bình Định 14 tiếng giá vé 900k",https://www.tiktok.com/@lipovitan.vn/video/7319370995943410952
Ủa voi dak lak kìa,https://www.tiktok.com/@lipovitan.vn/video/7319370995943410952
còn 20 ngày là ek về nghệ An,https://www.tiktok.com/@lipovitan.vn/video/7319370995943410952
25 tiếng lận 😌,https://www.tiktok.com/@lipovitan.vn/video/7319370995943410952
Mấy năm trước t còn ở trong sg cứ 25 gần tết t chạy xe máy từ sài gòn về quảng bình 😅chạy 3 hôm về tới nhà,https://www.tiktok.com/@lipovitan.vn/video/7319370995943410952
Sợ quá sợ quá. K về nữa😅😅,https://www.tiktok.com/@lipovitan.vn/video/7319370995943410952
Hiệu quả sử dụng cũng tốt lém nha,https://www.tiktok.com/@lipovitan.vn/video/7319370024987184391
Có trục trặc khi chuyển khoản,https://www.tiktok.com/@lipovitan.vn/video/7319370024987184391
vậy làm sao để có gệ,https://www.tiktok.com/@lipovitan.vn/video/7319370024987184391
Tưởng vc gii khó đã có gg chớ 😳,https://www.tiktok.com/@lipovitan.vn/video/7319370024987184391
Mình muốn mua quần size 33,https://www.tiktok.com/@lipovitan.vn/video/7319370024987184391
Mấy cái váy này đẹp đó,https://www.tiktok.com/@lipovitan.vn/video/7319370024987184391
Khám phá thế giới��,https://www.tiktok.com/@lipovitan.vn/video/7319370024987184391
Li ma pô,https://www.tiktok.com/@lipovitan.vn/video/7319370024987184391
Ủng hộ chị đẹp hằng nha,https://www.tiktok.com/@lipovitan.vn/video/7319370024987184391
Ủng hộ chị đẹp hằng nha,https://www.tiktok.com/@lipovitan.vn/video/7319370024987184391
"Màu sắc của cái đầm này trắng quá, có màu kem không vậy shop",https://www.tiktok.com/@lipovitan.vn/video/7319370024987184391
"Màu sắc của cái đầm này trắng quá, có màu kem không vậy shop",https://www.tiktok.com/@lipovitan.vn/video/7319370024987184391
Bạn có bán ở khu vực miền bắc không vì minh muốn kí hợp đồng bảo hiểm nhân thọ,https://www.tiktok.com/@lipovitan.vn/video/7319370024987184391
Hiệu quả sử dụng cũng tốt lém nha,https://www.tiktok.com/@lipovitan.vn/video/7319370024987184391
Mua vé số chắc trúng được như viettlot,https://www.tiktok.com/@lipovitan.vn/video/7319370024987184391
Mình chưa biết về cái điều kiện hợp đồng bảo hiểm,https://www.tiktok.com/@lipovitan.vn/video/7319370024987184391
Mua vé số chắc trúng được như viettlot,https://www.tiktok.com/@lipovitan.vn/video/7319370024987184391
Không thể tin được là có thể mua quần áo với giá này,https://www.tiktok.com/@lipovitan.vn/video/7319370024987184391
Dành thời gian với những người bạn yêu thương☢️,https://www.tiktok.com/@lipovitan.vn/video/7319370024987184391
Bảo hiểm chỗ này cũng ổn áp nha,https://www.tiktok.com/@lipovitan.vn/video/7319370024987184391
very good,https://www.tiktok.com/@lipovitan.vn/video/7319370477871336711
Bẻ lái khét quá 😂,https://www.tiktok.com/@lipovitan.vn/video/7319370477871336711
Tôn hoa sen,https://www.tiktok.com/@lipovitan.vn/video/7319370477871336711
từng có ý định về quê trên xe buýt của CTY lipovitan nhưng nghỉ lại thì nhiều người còn khổ nên nhường lại cho những người khó khăn hơn mình,https://www.tiktok.com/@lipovitan.vn/video/7319370477871336711
miễn phí về quê vậy lên lại thì sao,https://www.tiktok.com/@lipovitan.vn/video/7319370477871336711
redbull chiếm trọn trái tim bạn ❤,https://www.tiktok.com/@lipovitan.vn/video/7319370477871336711
Ko có đà nẵng :<,https://www.tiktok.com/@lipovitan.vn/video/7319370477871336711
Em ở bình dương nè,https://www.tiktok.com/@lipovitan.vn/video/7319370477871336711
Tuyệt vời,https://www.tiktok.com/@lipovitan.vn/video/7319370477871336711
@ThuyDiem💢✨✨🌷chiến lượt marketing nhân đạo r,https://www.tiktok.com/@lipovitan.vn/video/7319370477871336711
ước Lamborghini:)),https://www.tiktok.com/@lipovitan.vn/video/7319370477871336711
Tôn hòa sen🌹🌹🌹,https://www.tiktok.com/@lipovitan.vn/video/7319370477871336711
Nhà mình toàn nước này,https://www.tiktok.com/@lipovitan.vn/video/7319370477871336711
ủa miền tây đâu,https://www.tiktok.com/@lipovitan.vn/video/7319370477871336711
em ở bình dương cần về cà mau 🥺,https://www.tiktok.com/@lipovitan.vn/video/7319370477871336711
Công ty có mua pallet nhựa ko ạ ?,https://www.tiktok.com/@lipovitan.vn/video/7319370477871336711
Chắc ảnh PR😅,https://www.tiktok.com/@lipovitan.vn/video/7319370477871336711
thứ 3 thật là nhân văn,https://www.tiktok.com/@lipovitan.vn/video/7319370477871336711
Về Việt Nam k biết có thay đổi vị ko chứ ở bên Nhật uống k thấy ngon,https://www.tiktok.com/@lipovitan.vn/video/7319370477871336711
Được mấy chuyến ?,https://www.tiktok.com/@lipovitan.vn/video/7319370477871336711
"Live in a way that makes you happy✨06-01-2024 18:06:40",https://www.tiktok.com/@lipovitan.vn/video/7319369498941787410
mình thích hướng vị nước uống này nhưng 2014 nước uống ngon giờ hơi nhạt,https://www.tiktok.com/@lipovitan.vn/video/7319369498941787410
De quá,https://www.tiktok.com/@lipovitan.vn/video/7319369498941787410
ước acc Lipovitan đc. tick xanh,https://www.tiktok.com/@lipovitan.vn/video/7319369498941787410
em lv49,https://www.tiktok.com/@lipovitan.vn/video/7319369498941787410
Có cục vàng mạnh hơn cục tím mà 😂,https://www.tiktok.com/@lipovitan.vn/video/7319369498941787410
cách đăng kí,https://www.tiktok.com/@lipovitan.vn/video/7319369498941787410
đang uống😂,https://www.tiktok.com/@lipovitan.vn/video/7319369498941787410
học giùm em xong tuần này vs,https://www.tiktok.com/@lipovitan.vn/video/7319369498941787410
😌😅😅😅,https://www.tiktok.com/@lipovitan.vn/video/7319369498941787410
😁,https://www.tiktok.com/@lipovitan.vn/video/7319369498941787410
🥰,https://www.tiktok.com/@lipovitan.vn/video/7319369498941787410
❤,https://www.tiktok.com/@lipovitan.vn/video/7319369498941787410
Sự kiên trì và kiên nhẫn là chìa khóa để vượt qua mọi thử thách⏰,https://www.tiktok.com/@lipovitan.vn/video/7319369498941787410
giá như lipovitan có thẻ tích điểm uống nhiều đổi điểm nhận quà thì hay biết mấy.,https://www.tiktok.com/@lipovitan.vn/video/7319369498941787410
"khó có lipovita ? thật không, uống vô giải quyết được rắc rối hả",https://www.tiktok.com/@lipovitan.vn/video/7319369498941787410
không giống như thất bại��,https://www.tiktok.com/@lipovitan.vn/video/7319369498941787410
😏😏😏,https://www.tiktok.com/@lipovitan.vn/video/7319369498941787410
tuổi j so tăng lực,https://www.tiktok.com/@lipovitan.vn/video/7319369498941787410
😅😌,https://www.tiktok.com/@lipovitan.vn/video/7319369498941787410
uống vào khoẻ ngay,https://www.tiktok.com/@lipovitan.vn/video/7319369293962022151
rẻ và dễ uống hơn ngon hơn năm bờ oăn,https://www.tiktok.com/@lipovitan.vn/video/7319369293962022151
Mua vé số chắc trúng được như viettlot,https://www.tiktok.com/@lipovitan.vn/video/7319369293962022151
Mua vé số chắc trúng được như viettlot,https://www.tiktok.com/@lipovitan.vn/video/7319369293962022151
"khó có Lipo hat, z Lipo làm dùm em cái đồ án cuối kì được hong?",https://www.tiktok.com/@lipovitan.vn/video/7319369293962022151
Mình muốn mua quần size 33,https://www.tiktok.com/@lipovitan.vn/video/7319369293962022151
làm thêm trúng thưởng nữa. chứ ngày nào gia đình cũng 2 lóc,https://www.tiktok.com/@lipovitan.vn/video/7319369293962022151
Mình chưa biết về cái điều kiện hợp đồng bảo hiểm,https://www.tiktok.com/@lipovitan.vn/video/7319369293962022151
Bảo hiểm chỗ này cũng ổn áp nha,https://www.tiktok.com/@lipovitan.vn/video/7319369293962022151
lipo bế với đc ko,https://www.tiktok.com/@lipovitan.vn/video/7319369293962022151
lipo giải ít bài tập hóa với lý thêm sinh nữa cảm ơn lipo,https://www.tiktok.com/@lipovitan.vn/video/7319369293962022151
Có trục trặc khi chuyển khoản,https://www.tiktok.com/@lipovitan.vn/video/7319369293962022151
Ủng hộ chị đẹp hằng nha,https://www.tiktok.com/@lipovitan.vn/video/7319369293962022151
Mình muốn mua hai trăm cái váy,https://www.tiktok.com/@lipovitan.vn/video/7319369293962022151
Bạn có bán ở khu vực miền bắc không vì minh muốn kí hợp đồng bảo hiểm nhân thọ,https://www.tiktok.com/@lipovitan.vn/video/7319369293962022151
Mấy cái váy này đẹp đó,https://www.tiktok.com/@lipovitan.vn/video/7319369293962022151
Bên bạn có bán quần nam không,https://www.tiktok.com/@lipovitan.vn/video/7319369293962022151
Làm sao mà tồn tại với lương ít như thế này đây,https://www.tiktok.com/@lipovitan.vn/video/7319369293962022151
Không thể tin được là có thể mua quần áo với giá này,https://www.tiktok.com/@lipovitan.vn/video/7319369293962022151
Mình muốn mua hai trăm cái váy,https://www.tiktok.com/@lipovitan.vn/video/7319369293962022151
tui uống cái vị này ko đc,https://www.tiktok.com/@lipovitan.vn/video/7312671942253890834
này uống cũg ngon,https://www.tiktok.com/@lipovitan.vn/video/7312671942253890834
tui ghiền nước này.có thời gian nghiện k uống là như trên mây có điều mua hơi khó😂,https://www.tiktok.com/@lipovitan.vn/video/7312671942253890834
ko bt ai uống nó ra sao chứ t uống thấy cũng đc ko dở như mấy ông nói,https://www.tiktok.com/@lipovitan.vn/video/7312671942253890834
Ngon nè chỗ mình ai cũng uống đc chuộng hơn bò húc …,https://www.tiktok.com/@lipovitan.vn/video/7312671942253890834
Chút năm mới 🥰🥰 sang 2024,https://www.tiktok.com/@lipovitan.vn/video/7312671942253890834
"Lúc tôi uống, hậu vị có vị đắng. Giải thích giúp dc hog:3",https://www.tiktok.com/@lipovitan.vn/video/7312671942253890834
uống đắng đắng hơi khó uống,https://www.tiktok.com/@lipovitan.vn/video/7312671942253890834
nước này cả xã tui ai cũng nghiện hết,https://www.tiktok.com/@lipovitan.vn/video/7312671942253890834
tui ghiền loại nuoc này .siêu đã,https://www.tiktok.com/@lipovitan.vn/video/7312671942253890834
trong cty tui đặt tên nước sung tại mỗi lần uống dô vừa tỉnh ngủ vừa khoẻ nữa ai cũng nghiện,https://www.tiktok.com/@lipovitan.vn/video/7312671942253890834
uống cả chục năm rồi,https://www.tiktok.com/@lipovitan.vn/video/7312671942253890834
Nghe riết giờ nghiện luôn bài này,https://www.tiktok.com/@lipovitan.vn/video/7312671942253890834
ở miền Trung Thì nhiều ở miền nam hình như ít người uống tui toàn mua chứ chả thấy ai mua 😂,https://www.tiktok.com/@lipovitan.vn/video/7312671942253890834
chưa j đã đến 2025 r💀,https://www.tiktok.com/@lipovitan.vn/video/7312671942253890834
đang uống,https://www.tiktok.com/@lipovitan.vn/video/7312671942253890834
Em bị trĩ giúp e dc k,https://www.tiktok.com/@lipovitan.vn/video/7312671942253890834
cái này uống ngon xĩu mà mua thì ra tận siêu thị,https://www.tiktok.com/@lipovitan.vn/video/7312671942253890834
bố e đi bán 😁 nên uống nhiều😅,https://www.tiktok.com/@lipovitan.vn/video/7312671942253890834
hòy nhỏ mỗi lần đi học tui hay uống này lắm nèk...nay cũng27_28 năm rồi...,https://www.tiktok.com/@lipovitan.vn/video/7312671942253890834
Libo giúp mình quên nic đc k,https://www.tiktok.com/@lipovitan.vn/video/7319369236659375368
sao một số nơi ko có loại nước này,https://www.tiktok.com/@lipovitan.vn/video/7319369236659375368
giải bài vật lý 9 hộ em ạ,https://www.tiktok.com/@lipovitan.vn/video/7319369236659375368
"giao cho em bình ở hasaki gần 999,999,999đ 😁",https://www.tiktok.com/@lipovitan.vn/video/7319369236659375368
giúp t đc 10đ,https://www.tiktok.com/@lipovitan.vn/video/7319369236659375368
một thời,https://www.tiktok.com/@lipovitan.vn/video/7319369236659375368
vọng cái nhiêu k,https://www.tiktok.com/@lipovitan.vn/video/7319369236659375368
[việt nam],https://www.tiktok.com/@lipovitan.vn/video/7319369236659375368
@1% có là có libo,https://www.tiktok.com/@lipovitan.vn/video/7319369236659375368
nhịp khá giống yokai watch,https://www.tiktok.com/@lipovitan.vn/video/7319369236659375368
"Thay đổi bắt đầu với việc bạn muốn thay đổi ��15-01-2024 19:53:32",https://www.tiktok.com/@lipovitan.vn/video/7319369236659375368
Hé lo bạn,https://www.tiktok.com/@lipovitan.vn/video/7319369236659375368
[simon],https://www.tiktok.com/@lipovitan.vn/video/7319369236659375368
giúp mik 10đ tất cả các môn nha😳,https://www.tiktok.com/@lipovitan.vn/video/7319369236659375368
Nghèo LIPO lo đc k ậ?🍃🌷💐💤🏖️🌦️,https://www.tiktok.com/@lipovitan.vn/video/7319369236659375368
😁😁😁😁,https://www.tiktok.com/@lipovitan.vn/video/7319369236659375368
@yenes vy,https://www.tiktok.com/@lipovitan.vn/video/7319369236659375368
😁😁,https://www.tiktok.com/@lipovitan.vn/video/7319369236659375368
😂😂,https://www.tiktok.com/@lipovitan.vn/video/7319369236659375368
đã quá Lipovitan ơi,https://www.tiktok.com/@lipovitan.vn/video/7312671645771025672
mua ở đâu ạ,https://www.tiktok.com/@lipovitan.vn/video/7286400294357847304
😍,https://www.tiktok.com/@lipovitan.vn/video/7286400441393433864
xin giá,https://www.tiktok.com/@lipovitan.vn/video/7286400225474841863
uống tỉnh táo lắm,https://www.tiktok.com/@lipovitan.vn/video/7286398364235681031
😘,https://www.tiktok.com/@lipovitan.vn/video/7286398100707626247
Tưởng ông nì trầm tính:)),https://www.tiktok.com/@lipovitan.vn/video/7286397778014571784
Coi xong hết muốn uống 😂,https://www.tiktok.com/@lipovitan.vn/video/7286397778014571784
chọn vẹn,https://www.tiktok.com/@lipovitan.vn/video/7286397778014571784
hình như anh hiếu thứ 2 7/10 về cà mau đk z mn,https://www.tiktok.com/@lipovitan.vn/video/7286397778014571784
"em uống cái đấy r
khá ngon",https://www.tiktok.com/@lipovitan.vn/video/7286397778014571784
Giọng Chị kiều,https://www.tiktok.com/@lipovitan.vn/video/7286397778014571784
10 điểm của em nè,https://www.tiktok.com/@lipovitan.vn/video/7286397778014571784
TEAM ALAN WALKER😎,https://www.tiktok.com/@lipovitan.vn/video/7286397778014571784
Cái giọng vỗn lài,https://www.tiktok.com/@lipovitan.vn/video/7286397778014571784
Học xong tiểu đường luôn,https://www.tiktok.com/@lipovitan.vn/video/7286397778014571784
alo lon nc hôm mi uóng nek @thichchoi2,https://www.tiktok.com/@lipovitan.vn/video/7286397778014571784
đúng là tụi nhỏ...,https://www.tiktok.com/@lipovitan.vn/video/7286397778014571784
uống lon như có vị thuốc tây á dị dị 😅,https://www.tiktok.com/@lipovitan.vn/video/7286397778014571784
Nghe cái giọng sợ quá,https://www.tiktok.com/@lipovitan.vn/video/7286397778014571784
đéo mẹ người nhà thì không cúng lại đi cúng mấy cái thằng ất ơ dở hơi đâu đâu😂😂😂😂,https://www.tiktok.com/@lipovitan.vn/video/7286397778014571784
nước ngọt tốt sk lắm rán uống đi,https://www.tiktok.com/@lipovitan.vn/video/7286397778014571784
nghe giọng ngái dứa vl,https://www.tiktok.com/@lipovitan.vn/video/7286397778014571784
cha mẹ ko nấu cho đc bữa cơm bỏ tiền triệu ra đi đu ido 😂,https://www.tiktok.com/@lipovitan.vn/video/7286397778014571784
r ngày càng tiểu con bà đường😂,https://www.tiktok.com/@lipovitan.vn/video/7286397778014571784
lm ló quá,https://www.tiktok.com/@lipovitan.vn/video/7286397778014571784
đi rừng nhớ cầm trừng trị nha cô,https://www.tiktok.com/@lipovitan.vn/video/7108639567258848513
Cái giộng giống giộng cô gì hay kể chuyện ma cùng chú Ngạn ấy nhỉ 🤔🥰,https://www.tiktok.com/@lipovitan.vn/video/7108639567258848513
yên bình quá🥰,https://www.tiktok.com/@lipovitan.vn/video/7108639567258848513
Mik có nhận pr sản phẩm nha🥰,https://www.tiktok.com/@lipovitan.vn/video/7108639567258848513
𝘾𝙃Ắ𝘾 𝙇À 𝙆𝙊 𝙂𝙄Ò𝙉 ĐÂ𝙐!,https://www.tiktok.com/@lipovitan.vn/video/7108639567258848513
ulatrr đoạn cuối :(,https://www.tiktok.com/@lipovitan.vn/video/7108639567258848513
đi rừng phải ăn bùa chứ,https://www.tiktok.com/@lipovitan.vn/video/7108639567258848513
Video chất lương,https://www.tiktok.com/@lipovitan.vn/video/7108639567258848513
chắc là không giòn đâu,https://www.tiktok.com/@lipovitan.vn/video/7108639567258848513
Do la so thích cua moi nguoi khac nhau,https://www.tiktok.com/@lipovitan.vn/video/7108639567258848513
Rât thien nhiên,https://www.tiktok.com/@lipovitan.vn/video/7108639567258848513
An cho tớ ở với nó đi 😂😂😂,https://www.tiktok.com/@lipovitan.vn/video/7108639567258848513
nghe như 1 bài văn,https://www.tiktok.com/@lipovitan.vn/video/7108639567258848513
nyc tớ cũng hay nấu rau đay cho tớ ăn... giờ vẫn nhớ,https://www.tiktok.com/@lipovitan.vn/video/7108639567258848513
Thích cảnh này quá,https://www.tiktok.com/@lipovitan.vn/video/7108639567258848513
idol live tik tok kìa 😂,https://www.tiktok.com/@lipovitan.vn/video/7108639567258848513
em đội nón xanh dễ thương quá🥰,https://www.tiktok.com/@lipovitan.vn/video/7108639567258848513
Chúc mn vv ngon miệng nha,https://www.tiktok.com/@lipovitan.vn/video/7108639567258848513
Thik cái giọng của c này,https://www.tiktok.com/@lipovitan.vn/video/7108639567258848513
cảnh đẹp quá cj,https://www.tiktok.com/@lipovitan.vn/video/7108639567258848513
sao phải che logo Manchester United chứ🤔,https://www.tiktok.com/@lipovitan.vn/video/7108635034348735745
nc này tui uống k đk á,https://www.tiktok.com/@lipovitan.vn/video/7108635034348735745
ít thế sao đủ sau,https://www.tiktok.com/@lipovitan.vn/video/7108635034348735745
Cứ uống đi ngon bây giờ chứ về sau thì không biết sk sẽ ra sao,https://www.tiktok.com/@lipovitan.vn/video/7108635034348735745
nc này chả khác j bò húc t uống r,https://www.tiktok.com/@lipovitan.vn/video/7108635034348735745
uống này chơi thể thao k biết mệt,https://www.tiktok.com/@lipovitan.vn/video/7286397575878479112
Quá trời bà mẹ 😂,https://www.tiktok.com/@lipovitan.vn/video/7108623675410091266
😂😂,https://www.tiktok.com/@lipovitan.vn/video/7108623675410091266
Wet ơi đâu vậy snh,https://www.tiktok.com/@lipovitan.vn/video/7108623039163616514
uống lipo nhiều mình thấy tim đập nhanh hơn.lâu lâu bị nhói.từ khi bỏ lipo thì đã hết,https://www.tiktok.com/@lipovitan.vn/video/7108631210187967745
Hảo quảng cáo😂😂😂😂,https://www.tiktok.com/@lipovitan.vn/video/7108631210187967745
bị flop kìa,https://www.tiktok.com/@lipovitan.vn/video/7108543756273536258
nước tăng lực này k biet mua o dau,https://www.tiktok.com/@lipovitan.vn/video/7108543756273536258
Bắt rắn hoặc lấy nấm,https://www.tiktok.com/@lipovitan.vn/video/7108543756273536258
nước này mik uống từ năm 2011 tới h vẫn nghiện 😂,https://www.tiktok.com/@lipovitan.vn/video/7108543756273536258
@Thiện Nhân,https://www.tiktok.com/@lipovitan.vn/video/7108543756273536258
ba chà bứ:)),https://www.tiktok.com/@lipovitan.vn/video/7108543756273536258
má 😂😂😂 cười đúng đc mùa😂,https://www.tiktok.com/@lipovitan.vn/video/7108543756273536258
Làm sao để đổi ạ,https://www.tiktok.com/@lipovitan.vn/video/7108543756273536258
ngày thấy chục lần,https://www.tiktok.com/@lipovitan.vn/video/7108543756273536258
@dannanguyen0925 tiktok cty a Thai ha,https://www.tiktok.com/@lipovitan.vn/video/7108543756273536258
Phỏi rơm để lm rơm cuộn đk 😅😅😅,https://www.tiktok.com/@lipovitan.vn/video/7108543756273536258
ôi🥰 chi ba kết video em rồi xem mê luôn🥰💯💯💯💯❤❤❤❤❤,https://www.tiktok.com/@lipovitan.vn/video/7108543756273536258
@Thiện Nhân,https://www.tiktok.com/@lipovitan.vn/video/7108543756273536258
ban gà tre khong,https://www.tiktok.com/@lipovitan.vn/video/7108543756273536258
@danvy050794,https://www.tiktok.com/@lipovitan.vn/video/7108543756273536258
@CHẮC LÀ KO GIÒN ĐÂU ...,https://www.tiktok.com/@lipovitan.vn/video/7108543756273536258
màu đen chống nắng tốt á anh,https://www.tiktok.com/@lipovitan.vn/video/7108543756273536258
https://vt.tiktok.com/ZSdn3ju7e/?k=1,https://www.tiktok.com/@lipovitan.vn/video/7108543756273536258
"┈┈┈┈▕▔╱▔▔▔━▁
┈┈┈▕▔╱╱╱👁┈╲▂▔▔╲
┈┈▕▔╱╱╱╱💧▂▂▂▂▂▂▏
┈▕▔╱▕▕╱╱╱┈▽▽▽▽▽
▕▔╱┊┈╲╲╲╲▂△△△△
▔╱┊┈╱▕╲▂▂▂▂▂▂╱
╱┊┈╱┉▕┉┋╲┈",https://www.tiktok.com/@lipovitan.vn/video/7108543756273536258
mà cx dễ tiểu đường,https://www.tiktok.com/@lipovitan.vn/video/7108536432741993730
Lấy tiền quảng cáo thôi chứ ai đâu mà uống,https://www.tiktok.com/@lipovitan.vn/video/7108536432741993730
"quán nc nhà em đc hảng này kêu chưng bày bán nèk,đc tặng cái bình nữa",https://www.tiktok.com/@lipovitan.vn/video/7108536432741993730
Uống tầm 1 năm nữa là thoải mái chữa tiểu đường,https://www.tiktok.com/@lipovitan.vn/video/7108536432741993730
𝘾𝙃Ắ𝘾 𝙇À 𝙆0 𝙂𝙄Ò𝙉 ĐÂ𝙐!,https://www.tiktok.com/@lipovitan.vn/video/7108536432741993730
quảng cáo k có tâm,https://www.tiktok.com/@lipovitan.vn/video/7108536432741993730
uống nhiều say hơn uống rượu bia đấy,https://www.tiktok.com/@lipovitan.vn/video/7108536432741993730
Chỗ mình có cty này nè,https://www.tiktok.com/@lipovitan.vn/video/7108536432741993730
Uống xong nó :]] ngọt khét cổ,https://www.tiktok.com/@lipovitan.vn/video/7108536432741993730
Nước tăng lực là cấp đường với Năng lượng. Mà kêu uống tiểu đường ??? ngày nóc 3 lon thì tiêu đường đx r.,https://www.tiktok.com/@lipovitan.vn/video/7108536432741993730
Uốn nhiều k mai đột nguy k hay k nên uốn nhiều,https://www.tiktok.com/@lipovitan.vn/video/7108536432741993730
Cô dth ghê á🥰,https://www.tiktok.com/@lipovitan.vn/video/7108536432741993730
mà mẹ quá dễ thw🥰,https://www.tiktok.com/@lipovitan.vn/video/7108536432741993730
rồi có ai trúng vàng chưa 🤔🤔,https://www.tiktok.com/@lipovitan.vn/video/7108536432741993730
lướt 1mm là lại gặp cái qc này 🙂,https://www.tiktok.com/@lipovitan.vn/video/7108536432741993730
sao video này mình thấy lần thứ4😳😳,https://www.tiktok.com/@lipovitan.vn/video/7108536432741993730
nín đẻ chờ anh rép,https://www.tiktok.com/@lipovitan.vn/video/7108536432741993730
uống cho tiểu đường hay gì,https://www.tiktok.com/@lipovitan.vn/video/7108536432741993730
uống như thuốc tây,https://www.tiktok.com/@lipovitan.vn/video/7096326632801193217
"Có trúng mới nói, giờ toàn bịp không",https://www.tiktok.com/@lipovitan.vn/video/7096326632801193217
tui nhìn tưởng thuốc trừ sâu ko á nghe nước tăng lực ms bt á,https://www.tiktok.com/@lipovitan.vn/video/7096326632801193217
Ae tim video đầu giùm vs,https://www.tiktok.com/@lipovitan.vn/video/7096326632801193217
Ám ảnh,https://www.tiktok.com/@lipovitan.vn/video/7096326632801193217
Trúng luôn xe honda à,https://www.tiktok.com/@lipovitan.vn/video/7096326632801193217
t trúng 1lon mà sao tập hoá ko đổi,https://www.tiktok.com/@lipovitan.vn/video/7096326632801193217
hôm quá mới trúng xe,https://www.tiktok.com/@lipovitan.vn/video/7096326632801193217
alo,https://www.tiktok.com/@lipovitan.vn/video/7096326632801193217
[ngay],https://www.tiktok.com/@lipovitan.vn/video/7096326632801193217
uống càng nhiều đi tiểu càng mệt,https://www.tiktok.com/@lipovitan.vn/video/7096326632801193217
này nhẹ hơn Red Bull,https://www.tiktok.com/@lipovitan.vn/video/7096326632801193217
sản xuất ở nhật bản hay ở suối hiệp 1 diên khánh gần nhà tui 😂,https://www.tiktok.com/@lipovitan.vn/video/7096326632801193217
@_subinday_ @youngterry24 @nguyenohong208 2906 nè tụi mày,https://www.tiktok.com/@lipovitan.vn/video/7096326632801193217
?,https://www.tiktok.com/@lipovitan.vn/video/7096326632801193217
😊😊😊😊😊😊,https://www.tiktok.com/@lipovitan.vn/video/7096326632801193217
Uống k ngon gi huhu,https://www.tiktok.com/@lipovitan.vn/video/7096326632801193217
utr có chúng chỉ vàng đâu toàn 1 lon ko:/ #off,https://www.tiktok.com/@lipovitan.vn/video/7096326632801193217
Mình muốn mua hai trăm cái váy,https://www.tiktok.com/@lipovitan.vn/video/7319377699707899154
Làm sao mà tồn tại với lương ít như thế này đây,https://www.tiktok.com/@lipovitan.vn/video/7319377699707899154
"Màu sắc của cái đầm này trắng quá, có màu kem không vậy shop",https://www.tiktok.com/@lipovitan.vn/video/7319377699707899154
Không thể tin được là có thể mua quần áo với giá này,https://www.tiktok.com/@lipovitan.vn/video/7319377699707899154
cho hỏi làm sao mới đăng kí đc vé xe vậy ạ,https://www.tiktok.com/@lipovitan.vn/video/7319377699707899154
Có trục trặc khi chuyển khoản,https://www.tiktok.com/@lipovitan.vn/video/7319377699707899154
Mình muốn mua hai trăm cái váy,https://www.tiktok.com/@lipovitan.vn/video/7319377699707899154
hên mình đặt vé tàu từ tháng 11,https://www.tiktok.com/@lipovitan.vn/video/7319377699707899154
Bên bạn có bán quần nam không,https://www.tiktok.com/@lipovitan.vn/video/7319377699707899154
chỗ này ở Bá Thước nè,https://www.tiktok.com/@lipovitan.vn/video/7319377699707899154
@Thuong Nguyen9995,https://www.tiktok.com/@lipovitan.vn/video/7319377699707899154
@Làm gì có ai cu te như em🫧 😅,https://www.tiktok.com/@lipovitan.vn/video/7319377699707899154
@Hồ Trí An,https://www.tiktok.com/@lipovitan.vn/video/7319377699707899154
@Ruốc🥴,https://www.tiktok.com/@lipovitan.vn/video/7319377699707899154
@Phương Thảo,https://www.tiktok.com/@lipovitan.vn/video/7319377699707899154
@Mấy con mèo,https://www.tiktok.com/@lipovitan.vn/video/7319377699707899154
đang uống ovitan xong lướt thấy quảng cáo ovitan,https://www.tiktok.com/@lipovitan.vn/video/7319377699707899154
Lại thêm 1 nhà xe,https://www.tiktok.com/@lipovitan.vn/video/7319377699707899154
nước hôm bưa đi chơi thấy bản hiệu táp hóa nước mật ông mà thành mậc ông,https://www.tiktok.com/@lipovitan.vn/video/7319370477871336711
😅 quag cáo có khác 😅,https://www.tiktok.com/@lipovitan.vn/video/7319370477871336711
ô từ bình dươnh đến quảng bình à anh,https://www.tiktok.com/@lipovitan.vn/video/7319370477871336711
riêng ước mơ có chục bộ ps5 thì ko có 😁😁😁,https://www.tiktok.com/@lipovitan.vn/video/7319370477871336711
Ngon lắm ae tui lúc trước làm căn tin bán nước đó uống lần tui ghiền ngày nào cx uống,https://www.tiktok.com/@lipovitan.vn/video/7319370477871336711
rồi tôi sẽ chuyển qua uống nước ngọt của hãng này 🥰,https://www.tiktok.com/@lipovitan.vn/video/7319370477871336711
Redbull 🙃🙃🙃,https://www.tiktok.com/@lipovitan.vn/video/7319370477871336711
Ok. Từ nay sẽ uống thay redbull,https://www.tiktok.com/@lipovitan.vn/video/7319370477871336711
quảnh trị kìa🥰,https://www.tiktok.com/@lipovitan.vn/video/7319370477871336711
Ai nhờ cái nước tăng lực này mà em Mất ngủ cả đêm,https://www.tiktok.com/@lipovitan.vn/video/7319370477871336711
việt nam ko lm ae thất vọng🥰,https://www.tiktok.com/@lipovitan.vn/video/7319370477871336711
ước đc bộ PC 40 củ,https://www.tiktok.com/@lipovitan.vn/video/7319370477871336711
Nếu thật thì t mua bao ae cty uống. Bt t k uống nước ngọt,https://www.tiktok.com/@lipovitan.vn/video/7319370477871336711
i phone 15 pro max dc ko ta🤑,https://www.tiktok.com/@lipovitan.vn/video/7319370477871336711
"ước có
1. youlong
2. Yonex AsTrox 100zz
3. Yonex AsTrox 1000z
4. komboo k520 pro
ước zậy hoi[yummy]",https://www.tiktok.com/@lipovitan.vn/video/7319370477871336711
hcm đi về miền trung đk,https://www.tiktok.com/@lipovitan.vn/video/7319370477871336711
Lipo đa số cty nào cũng nhiều ng uống,https://www.tiktok.com/@lipovitan.vn/video/7319370477871336711
đa số CTY trong Nam năm nào cũng có những chuyến xe như thế,https://www.tiktok.com/@lipovitan.vn/video/7319370477871336711
uầy Lipovitan xài xe năng lượng sạch CNG để chở công nhân,https://www.tiktok.com/@lipovitan.vn/video/7319370477871336711
Có trục trặc khi chuyển khoản,https://www.tiktok.com/@lipovitan.vn/video/7319369293962022151
Ủa cũng có đặt quảng cáo nước tăng lực này nữa à,https://www.tiktok.com/@lipovitan.vn/video/7319369293962022151
Bảo hiểm chỗ này cũng ổn áp nha,https://www.tiktok.com/@lipovitan.vn/video/7319369293962022151
Bên bạn có bán quần nam không,https://www.tiktok.com/@lipovitan.vn/video/7319369293962022151
Ủng hộ chị hằng. Chị hằng mãi đỉnh,https://www.tiktok.com/@lipovitan.vn/video/7319369293962022151
uống thấy sao sao ấy bò húc với Number 1 vẫn đỉnh hơn,https://www.tiktok.com/@lipovitan.vn/video/7319369293962022151
"Tội nghiệp cho ai sinh ra trong gia đình này, mình chỉ muốn ủng hộ chú vũ Linh thôi",https://www.tiktok.com/@lipovitan.vn/video/7319369293962022151
Đôi khi��,https://www.tiktok.com/@lipovitan.vn/video/7319369293962022151
Tui bên chính nghĩa,https://www.tiktok.com/@lipovitan.vn/video/7319369293962022151
Này cũng còn tùy vào bên phe chính nghĩa của mình nữa,https://www.tiktok.com/@lipovitan.vn/video/7319369293962022151
Ai coi tử vi nữa,https://www.tiktok.com/@lipovitan.vn/video/7319369293962022151
năm nào em cũng hóng tết về,https://www.tiktok.com/@lipovitan.vn/video/7319370817857441031
Em cx nôn Tết,https://www.tiktok.com/@lipovitan.vn/video/7319370817857441031
🥰🥰🥰🥰🥰,https://www.tiktok.com/@lipovitan.vn/video/7319370817857441031
🥰🥰🥰🥰🥰,https://www.tiktok.com/@lipovitan.vn/video/7319370817857441031
nghe giọng nói thân thiện hiền lành. chúc e và GĐ nhiều sức khỏe HP,https://www.tiktok.com/@lipovitan.vn/video/7319370817857441031
chắc là không thuốc không?,https://www.tiktok.com/@lipovitan.vn/video/7319370817857441031
em cũng nôn lắm chị ơi,https://www.tiktok.com/@lipovitan.vn/video/7319370817857441031
tôi rất thik nc lapovotan vì giá rẻ ngon nx ng làm 1 lon,https://www.tiktok.com/@lipovitan.vn/video/7319370817857441031
có mình bả nôn tết,https://www.tiktok.com/@lipovitan.vn/video/7319370817857441031
thay hái hức,https://www.tiktok.com/@lipovitan.vn/video/7319370817857441031
Vừa thất nghiệp vừa nợ như mình thì k mong tết lắm :/,https://www.tiktok.com/@lipovitan.vn/video/7319370817857441031
"Xe ngày thường nó chạy nhanh, xe ngày tết nó Fast and Furious",https://www.tiktok.com/@lipovitan.vn/video/7319370995943410952
"tôi làm ở Bình Dương, nhưng về quê tận HÀ Giang 😳",https://www.tiktok.com/@lipovitan.vn/video/7319370995943410952
Về nhà t có gần 2t,https://www.tiktok.com/@lipovitan.vn/video/7319370995943410952
Của nhà trồng ba chạy xe tải muốn đi về lúc nào cũng được không tốn ngàn nào mà còn lãi🤣,https://www.tiktok.com/@lipovitan.vn/video/7319370995943410952
cho em vẽ với,https://www.tiktok.com/@lipovitan.vn/video/7319370995943410952
đặt tui nè🥰,https://www.tiktok.com/@lipovitan.vn/video/7319370995943410952
đi máy bay về kkkkk,https://www.tiktok.com/@lipovitan.vn/video/7319370995943410952
đi máy bay còn ghé bắt khách lẽ dọc đường nữa,https://www.tiktok.com/@lipovitan.vn/video/7319370995943410952
bố t là lipovitan:)),https://www.tiktok.com/@lipovitan.vn/video/7319370995943410952
mới bị đây:))),https://www.tiktok.com/@lipovitan.vn/video/7319370995943410952
"tăng gấp 2,5 lần",https://www.tiktok.com/@lipovitan.vn/video/7319370995943410952
năm nay chả về quê rồi 🥰,https://www.tiktok.com/@lipovitan.vn/video/7319370995943410952
"Quê tui sơn la nè, chỉ có đi 3 chuyến xe mới tới nhà chứ mấy",https://www.tiktok.com/@lipovitan.vn/video/7319370995943410952
chán...tui Tây Ninh về hơn 2000km chán😌,https://www.tiktok.com/@lipovitan.vn/video/7319370995943410952
thích nhất nước này,https://www.tiktok.com/@lipovitan.vn/video/7312671942253890834
XMAS2023,https://www.tiktok.com/@lipovitan.vn/video/7312671942253890834
lm ajinomoto là uống này ghiềng luôn,https://www.tiktok.com/@lipovitan.vn/video/7312671942253890834
Chưa dùng thử bao giờ 🤔,https://www.tiktok.com/@lipovitan.vn/video/7312671942253890834
"Mà đi đâu xa chỗ mình ở kiếm nước này uống k có luôn Á tr , nhiều lúc thèm",https://www.tiktok.com/@lipovitan.vn/video/7312671942253890834
t tưởng chai thuốc trừ sâu,https://www.tiktok.com/@lipovitan.vn/video/7312671942253890834
t uống thấy có vị có đậu phộng 😂,https://www.tiktok.com/@lipovitan.vn/video/7312671942253890834
🥰🥰🥰🥰🥰 mai yeu,https://www.tiktok.com/@lipovitan.vn/video/7312671942253890834
"Hồi trước tui uống không quen nó với vị khó như thuốc tây , uống quen rồi nghiện nha mấy bà😂",https://www.tiktok.com/@lipovitan.vn/video/7312671942253890834
thấy uống cũng đc,https://www.tiktok.com/@lipovitan.vn/video/7312671942253890834
Lipovitan tặng bình nước khi mua một thùng đi,https://www.tiktok.com/@lipovitan.vn/video/7312671942253890834
vị nó khá giống nhưng nó nhạt hơn red bull,https://www.tiktok.com/@lipovitan.vn/video/7312671942253890834
3,https://www.tiktok.com/@lipovitan.vn/video/7319369236659375368
bạn ơi thả tim giúp mình vài video nha,https://www.tiktok.com/@lipovitan.vn/video/7319369236659375368
"Happiness is not the final destination��02-01-2024 17:28:05",https://www.tiktok.com/@lipovitan.vn/video/7319369236659375368
"Look for meaning in small things��02-01-2024 17:11:42",https://www.tiktok.com/@lipovitan.vn/video/7319369236659375368
độc hại,https://www.tiktok.com/@lipovitan.vn/video/7319369236659375368
Nhật làm gì có loại này😌😌,https://www.tiktok.com/@lipovitan.vn/video/7319369236659375368
🗣️vậy việc dễ có ai🔥🗿,https://www.tiktok.com/@lipovitan.vn/video/7319369236659375368
nếu bỏ chữ vitan thì hay rồi,https://www.tiktok.com/@lipovitan.vn/video/7319369236659375368
Ghê,https://www.tiktok.com/@lipovitan.vn/video/7319369236659375368
uống dở lắm,https://www.tiktok.com/@lipovitan.vn/video/7319369236659375368
thua bò húc,https://www.tiktok.com/@lipovitan.vn/video/7319369236659375368
nói thật nước ko ngon 😳,https://www.tiktok.com/@lipovitan.vn/video/7319369236659375368
"nước kh khác gì nước đường hết, kh ngon",https://www.tiktok.com/@lipovitan.vn/video/7319369236659375368
😏,https://www.tiktok.com/@lipovitan.vn/video/7319369236659375368
hỏi Vi còn lại là người đầu tư thêm một ít hi sinh nhật cho Bin cho các bạn trẻ mà còn chảnh và đây chính 😁,https://www.tiktok.com/@lipovitan.vn/video/7319369236659375368
nghe bài lạc trôi sếp tùng từ năm 2013,https://www.tiktok.com/@lipovitan.vn/video/7286397778014571784
@phthao05_ 🥰🥰,https://www.tiktok.com/@lipovitan.vn/video/7108639567258848513
chúc các bạn nhiều sức khỏe,https://www.tiktok.com/@lipovitan.vn/video/7108639567258848513
Chị Thuỷ đúng xinh,https://www.tiktok.com/@lipovitan.vn/video/7108639567258848513
phương định,https://www.tiktok.com/@lipovitan.vn/video/7108639567258848513
𝘾𝙃Ắ𝘾 𝙇À 𝙆𝙊 𝙂𝙄Ò𝙉 ĐÂ𝙐!,https://www.tiktok.com/@lipovitan.vn/video/7108639567258848513
giới thiệu em đi chị,https://www.tiktok.com/@lipovitan.vn/video/7108639567258848513
c𝙃Ắ𝘾 𝙇À 𝙆𝙊 𝙂𝙄Ò𝙉 ĐÂ𝙐!,https://www.tiktok.com/@lipovitan.vn/video/7108639567258848513
@minka_cute3,https://www.tiktok.com/@lipovitan.vn/video/7108639567258848513
@ktmh1211,https://www.tiktok.com/@lipovitan.vn/video/7108639567258848513
@nguyenkhanh27209,https://www.tiktok.com/@lipovitan.vn/video/7108639567258848513
Hay qué? chéo với mình nha,https://www.tiktok.com/@lipovitan.vn/video/7108639567258848513
Ai cx muốn có cuộc sống mấy cô lắm,https://www.tiktok.com/@lipovitan.vn/video/7108639567258848513
tại ăn ké nó ngon hơn á chị 😂😂😂😂😂,https://www.tiktok.com/@lipovitan.vn/video/7108639567258848513
Cô có quảng cáo nước tăng lực ko vậy? 😂,https://www.tiktok.com/@lipovitan.vn/video/7108639567258848513
thèm quá,https://www.tiktok.com/@lipovitan.vn/video/7108639567258848513
Đã thử 1 lần 😂😂,https://www.tiktok.com/@lipovitan.vn/video/7108536432741993730
Chăm uống để đoạt dc cúp tiểu đường nhé 😂😂😂,https://www.tiktok.com/@lipovitan.vn/video/7108536432741993730
Nước này có lâu rồi mà😂😂,https://www.tiktok.com/@lipovitan.vn/video/7108536432741993730
vãi 😂,https://www.tiktok.com/@lipovitan.vn/video/7108536432741993730
Chê 😌,https://www.tiktok.com/@lipovitan.vn/video/7108536432741993730
😅+🔺,https://www.tiktok.com/@lipovitan.vn/video/7108536432741993730
𝘾𝙃Ắ𝘾 𝙇À 𝙆𝙊 𝙂𝙄Ò𝙉 ĐÂ𝙐!,https://www.tiktok.com/@lipovitan.vn/video/7108536432741993730
𝘾𝙃Ắ𝘾 𝙇À 𝙆𝙊 𝙂𝙄Ò𝙉 ĐÂ𝙐,https://www.tiktok.com/@lipovitan.vn/video/7108536432741993730
𝘾𝙃Ắ𝘾 𝙇À 𝙆𝙊 𝙂𝙄Ò𝙉 ĐÂ𝙐!,https://www.tiktok.com/@lipovitan.vn/video/7108536432741993730
anh ở kiêng giang hả?😳,https://www.tiktok.com/@lipovitan.vn/video/7108536432741993730
"ba mẹ mình mà kêu bả ,ổng😌",https://www.tiktok.com/@lipovitan.vn/video/7108536432741993730
𝘾𝙃Ắ𝘾 𝙇À 𝙆𝙊 𝙂𝙄Ò𝙉 ĐÂ𝙐:,https://www.tiktok.com/@lipovitan.vn/video/7108536432741993730
[cute],https://www.tiktok.com/@lipovitan.vn/video/7108536432741993730
trang,https://www.tiktok.com/@lipovitan.vn/video/7108536432741993730
😆,https://www.tiktok.com/@lipovitan.vn/video/7108536432741993730
thôi tôi uống bò húc,https://www.tiktok.com/@lipovitan.vn/video/7108536432741993730
😂😂,https://www.tiktok.com/@lipovitan.vn/video/7108536432741993730
v là đang quãng cáo nước à.,https://www.tiktok.com/@lipovitan.vn/video/7108543756273536258
cap bị 🥑,https://www.tiktok.com/@lipovitan.vn/video/7108543756273536258
ngứa là mạc đó,https://www.tiktok.com/@lipovitan.vn/video/7108543756273536258
Đó,https://www.tiktok.com/@lipovitan.vn/video/7096326632801193217
ủa sao mình uống nó vẫn trúng thưởng mà đi ra ngoài tiệm đổi họ ko đổi là ntn,https://www.tiktok.com/@lipovitan.vn/video/7096326632801193217
E💚 A,https://www.tiktok.com/@lipovitan.vn/video/7096326632801193217
@jboawl.th10,https://www.tiktok.com/@lipovitan.vn/video/7096326632801193217
@minhtien277206,https://www.tiktok.com/@lipovitan.vn/video/7096326632801193217
"Ai chưa uống thì sẽ tìm uống cho bằng được, nhưng uống rồi hậu quả khó lường , sức khỏe tốt thì lâu phát bệnh ai mà sức khỏe yếu nhanh gọn",https://www.tiktok.com/@lipovitan.vn/video/7096326632801193217
Uruguay,https://www.tiktok.com/@lipovitan.vn/video/7096326632801193217
tvien,https://www.tiktok.com/@lipovitan.vn/video/7096326632801193217
nếu không phiền mọi người ủng hộ video tui 😘,https://www.tiktok.com/@lipovitan.vn/video/7096326632801193217
vào tim video cho mk vs,https://www.tiktok.com/@lipovitan.vn/video/7096326632801193217
flo,https://www.tiktok.com/@lipovitan.vn/video/7096326632801193217
"tôi làm ở trong cty này đây, chỉ có trúng lon và lock thôi, chứ ko co vụ trúng vàng và xe đâu 😂😂",https://www.tiktok.com/@lipovitan.vn/video/7096326632801193217
"uống ngon, t thấy noa rẻ hơn bò cụng ấy",https://www.tiktok.com/@lipovitan.vn/video/7096326632801193217
trúng đúng 3 lon😂,https://www.tiktok.com/@lipovitan.vn/video/7096326632801193217
Để uống thử,https://www.tiktok.com/@lipovitan.vn/video/7096326632801193217
kiệt milo kìa,https://www.tiktok.com/@lipovitan.vn/video/7096326632801193217
Mua vé số chắc trúng được như viettlot,https://www.tiktok.com/@lipovitan.vn/video/7319377699707899154
Dùng thử sản phẩm sau ba ngày mà mình thấy da mình không có trắng,https://www.tiktok.com/@lipovitan.vn/video/7319377699707899154
Ủa cũng có đặt quảng cáo nước tăng lực này nữa à,https://www.tiktok.com/@lipovitan.vn/video/7319377699707899154
Nước này đặt bạn này thua rồi,https://www.tiktok.com/@lipovitan.vn/video/7319377699707899154
Đi tàu nhé 😅,https://www.tiktok.com/@lipovitan.vn/video/7319377699707899154
Hết chuyện đặt người này làm quảng cáo,https://www.tiktok.com/@lipovitan.vn/video/7319377699707899154
Phe chính nghĩa mãi chiến thắng,https://www.tiktok.com/@lipovitan.vn/video/7319377699707899154
Tui không thích cái bàn và cách bố trí mấy cái ghế kèm theo,https://www.tiktok.com/@lipovitan.vn/video/7319377699707899154
xe giường nằm hay ngồi,https://www.tiktok.com/@lipovitan.vn/video/7319377699707899154
Dạo gần đây sao bảo hiểm cứ nhiều người đăng như thế này,https://www.tiktok.com/@lipovitan.vn/video/7319377699707899154
mình ngày nào cũng uống lipovitan hết 😁😁,https://www.tiktok.com/@lipovitan.vn/video/7319371314093919496
em mỗi lần mệt mỏi đều uống ngon lắm anh ơi,https://www.tiktok.com/@lipovitan.vn/video/7319371314093919496
lipovitan mãi đỉnh,https://www.tiktok.com/@lipovitan.vn/video/7319371314093919496
ch muốn qua HQ lđi lm sao đi đc e,https://www.tiktok.com/@lipovitan.vn/video/7319371314093919496
Nghe Thịch ko hột dịch là đậm chất TN ghê 🤣🤣🤣,https://www.tiktok.com/@lipovitan.vn/video/7319371314093919496
ngày nào t cx uống lipovitan mặc dù ko mệt,https://www.tiktok.com/@lipovitan.vn/video/7319371314093919496
Chứ về mỗi mùng 1 thế còn rằm thì sao,https://www.tiktok.com/@lipovitan.vn/video/7319370370090274056
sao lại về chắc mùng 1 mà lại rằm ko về,https://www.tiktok.com/@lipovitan.vn/video/7319370370090274056
e ko có nhà để về😳,https://www.tiktok.com/@lipovitan.vn/video/7319370370090274056
Tháng 7 chắc về cả Tháng chứ,https://www.tiktok.com/@lipovitan.vn/video/7319370370090274056
mình ở vũng tàu tuy gần sg thật nhưng tính chất công việc lại không cho minhg về nhà mỗi dịp tết được thật sự mình cx rất nhớ gia đình,https://www.tiktok.com/@lipovitan.vn/video/7319370370090274056
mới trúng 2 tỷ,https://www.tiktok.com/@lipovitan.vn/video/7319370370090274056
Có chuyến nào từ bình Phước về hà giang ko ?? 3 năm nay rồi chưa về,https://www.tiktok.com/@lipovitan.vn/video/7319370370090274056
có ông nào về 15 vs 30 k rk,https://www.tiktok.com/@lipovitan.vn/video/7319370370090274056
rằm nữa chứ😂,https://www.tiktok.com/@lipovitan.vn/video/7319370370090274056
tao cũng hay đi về mùng 1 rồi đây,https://www.tiktok.com/@lipovitan.vn/video/7319370370090274056
còn 15 và cả tháng 7 nữa chứ,https://www.tiktok.com/@lipovitan.vn/video/7319370370090274056
Rằm cũng về bạn nhá ko mẹ mong,https://www.tiktok.com/@lipovitan.vn/video/7319370370090274056
Tết này ko tiền chắc em ko dám về quê luôn.🥺,https://www.tiktok.com/@lipovitan.vn/video/7319370370090274056
còn ngày rằm thì sao anh.,https://www.tiktok.com/@lipovitan.vn/video/7319370370090274056
kh về nhà,https://www.tiktok.com/@lipovitan.vn/video/7319370370090274056
"tưởng về mùng 2,16 chứ 😂",https://www.tiktok.com/@lipovitan.vn/video/7319370370090274056
ko a ơi ở lại làm tết rồi,https://www.tiktok.com/@lipovitan.vn/video/7319370370090274056
ơ😳. chứ thế rằm ko về à??😁😁,https://www.tiktok.com/@lipovitan.vn/video/7319370370090274056
em không về,https://www.tiktok.com/@lipovitan.vn/video/7319370370090274056
Ko về 😂,https://www.tiktok.com/@lipovitan.vn/video/7319370370090274056
"Nước tăng lực dở nhất từng uống, uống nghe hôi mùi thuốc tây luôn á mấy má 😂",https://www.tiktok.com/@lipovitan.vn/video/7319370704934210834
uống có ngụm nước mà lộ nguyên hình rồi 😁😁😁,https://www.tiktok.com/@lipovitan.vn/video/7319370704934210834
uống lần sợ tới già,https://www.tiktok.com/@lipovitan.vn/video/7319370704934210834
nước này tôi chịu luôn khó nuốt hơn phân,https://www.tiktok.com/@lipovitan.vn/video/7319370704934210834
Cảm ơn lipo đã tạo công ăn việc làm cho mình mấy năm nay. Mà giờ bị đuổi rồi 🥹🥹🥹🥹🥹,https://www.tiktok.com/@lipovitan.vn/video/7319370704934210834
Người đờn ô nhiều chồng nhất VN quảng cáo tăng lực đúng bài quá rồi 😂,https://www.tiktok.com/@lipovitan.vn/video/7319370704934210834
mình đã follow rồi nha,https://www.tiktok.com/@lipovitan.vn/video/7319370704934210834
nước uống dở cực kì,https://www.tiktok.com/@lipovitan.vn/video/7319370704934210834
@My My🍀🍀,https://www.tiktok.com/@lipovitan.vn/video/7319370477871336711
thanh hóa cũng miền trung mà sao k thấy hiện lên ta 😂,https://www.tiktok.com/@lipovitan.vn/video/7319370477871336711
Tóm lại mua là mất tiền 😅,https://www.tiktok.com/@lipovitan.vn/video/7319370477871336711
@Trâm có khánh hoà nè,https://www.tiktok.com/@lipovitan.vn/video/7319370477871336711
E ở Bỉnh Dương nè,https://www.tiktok.com/@lipovitan.vn/video/7319370477871336711
Quảng Ngãi quê tôi,https://www.tiktok.com/@lipovitan.vn/video/7319370477871336711
tôn hoa sen 💀,https://www.tiktok.com/@lipovitan.vn/video/7319370477871336711
có non tới tết đỡ đi đánh bầu cua 😁😁😁,https://www.tiktok.com/@lipovitan.vn/video/7319370817857441031
ngon quá Em gái ơi 🥰🥰🥰😁😁,https://www.tiktok.com/@lipovitan.vn/video/7319370817857441031
Tui bên chính nghĩa,https://www.tiktok.com/@lipovitan.vn/video/7319369293962022151
Phe chính nghĩa mãi chiến thắng,https://www.tiktok.com/@lipovitan.vn/video/7319369293962022151
Dạo gần đây sao bảo hiểm cứ nhiều người đăng như thế này,https://www.tiktok.com/@lipovitan.vn/video/7319369293962022151
Không hẹn lại lên với cái bảo hiểm này,https://www.tiktok.com/@lipovitan.vn/video/7319369293962022151
Tui không thích cái bàn và cách bố trí mấy cái ghế kèm theo,https://www.tiktok.com/@lipovitan.vn/video/7319369293962022151
Giờ chắc thất nghiệp nhiều,https://www.tiktok.com/@lipovitan.vn/video/7319369293962022151
Bệnh nhiều quá chắc phải để ý tới bảo hiểm nhân thọ thôi,https://www.tiktok.com/@lipovitan.vn/video/7319369293962022151
Hãng nào mà đặg bạn này vậy trời ơi,https://www.tiktok.com/@lipovitan.vn/video/7319369293962022151
Dạo gần đây sao bảo hiểm cứ nhiều người đăng như thế này,https://www.tiktok.com/@lipovitan.vn/video/7319369293962022151
Nước này đặt bạn này thua rồi,https://www.tiktok.com/@lipovitan.vn/video/7319369293962022151
Ủng hộ chị hằng. Chị hằng mãi đỉnh,https://www.tiktok.com/@lipovitan.vn/video/7319369293962022151
Ủa cũng có đặt quảng cáo nước tăng lực này nữa à,https://www.tiktok.com/@lipovitan.vn/video/7319369293962022151
việc j khó mà nó đọc ra biết gì khó,https://www.tiktok.com/@lipovitan.vn/video/7319369293962022151
Giờ chắc thất nghiệp nhiều,https://www.tiktok.com/@lipovitan.vn/video/7319369293962022151
Em ik bằng ô tô của dì em :))),https://www.tiktok.com/@lipovitan.vn/video/7319370995943410952
t muốn xĩu🥰,https://www.tiktok.com/@lipovitan.vn/video/7319370995943410952
tôi chạy con ex đi về lúc nào cũng duoc😅,https://www.tiktok.com/@lipovitan.vn/video/7319370995943410952
nhà có ô tô m đi buýt tận 7 tiếng,https://www.tiktok.com/@lipovitan.vn/video/7319370995943410952
phương trang,https://www.tiktok.com/@lipovitan.vn/video/7319370995943410952
nhà em Đi xe riêng,https://www.tiktok.com/@lipovitan.vn/video/7319370995943410952
Quảng Bình quê tôi ;))),https://www.tiktok.com/@lipovitan.vn/video/7319370995943410952
đi xe thà đi tàu mình hcm về thanh hóa 12 năm hiểu xe gần2tr đi xe hôi nhét chật khó thở ko nhúc nhích dx đi tàu 2tr2 thoáng mát đi lại thoải mái,https://www.tiktok.com/@lipovitan.vn/video/7319370995943410952
bắt taxi:)),https://www.tiktok.com/@lipovitan.vn/video/7319370995943410952
xưa parky nghèo thôi giờ làm gì có 😂😂,https://www.tiktok.com/@lipovitan.vn/video/7319370995943410952
nhà t bao xe,https://www.tiktok.com/@lipovitan.vn/video/7319370995943410952
tụi đi chx đc 1tiếng là tới r 😅,https://www.tiktok.com/@lipovitan.vn/video/7319370995943410952
cô có mang trừng trị ko đấy 🙂,https://www.tiktok.com/@lipovitan.vn/video/7108639567258848513
chân chất quá,https://www.tiktok.com/@lipovitan.vn/video/7108639567258848513
uống cho no nước mà chạy bo nha cô,https://www.tiktok.com/@lipovitan.vn/video/7108639567258848513
Ci an cho e làm wen voi e mũ tai bèo đi,https://www.tiktok.com/@lipovitan.vn/video/7108639567258848513
người dân tộc à,https://www.tiktok.com/@lipovitan.vn/video/7108639567258848513
Cách day 7nam truoc có ui. Ai k quen uong k duoc,https://www.tiktok.com/@lipovitan.vn/video/7108536432741993730
hình như chú mất ròi,https://www.tiktok.com/@lipovitan.vn/video/7108536432741993730
ở nhật 6 năm chưa thấy bao giờ 😅😅,https://www.tiktok.com/@lipovitan.vn/video/7108536432741993730
𝘾𝙃Ắ𝘾 𝙇À 𝙆𝙊 𝙂𝙄Ò𝙉 ĐÂ𝙐!,https://www.tiktok.com/@lipovitan.vn/video/7108536432741993730
💖👍🥰,https://www.tiktok.com/@lipovitan.vn/video/7108536432741993730
cái bộ đồ của mẹ anh làm em liên tưởng tới @Mẹ Hương Hương 😂😂,https://www.tiktok.com/@lipovitan.vn/video/7108536432741993730
đến hồi tiền mua còn hơn tiền thưởng 😅😅😅,https://www.tiktok.com/@lipovitan.vn/video/7108536432741993730
Quảng cáo ko đầu tư,https://www.tiktok.com/@lipovitan.vn/video/7108536432741993730
bao nhiêu 1 thùng,https://www.tiktok.com/@lipovitan.vn/video/7108536432741993730
𝘾𝙃Ắ𝘾 𝙇À 𝙆𝙊 𝙂𝙄Ò𝙉 ĐÂ𝙐,https://www.tiktok.com/@lipovitan.vn/video/7108536432741993730
🥰🥰🥰,https://www.tiktok.com/@lipovitan.vn/video/7108536432741993730
Ún trúng vàng xg bán chữa tiểu đường 😂,https://www.tiktok.com/@lipovitan.vn/video/7108536432741993730
Giờ chắc thất nghiệp nhiều,https://www.tiktok.com/@lipovitan.vn/video/7319377699707899154
Ủng hộ chị hằng. Chị hằng mãi đỉnh,https://www.tiktok.com/@lipovitan.vn/video/7319377699707899154
"Tội nghiệp cho ai sinh ra trong gia đình này, mình chỉ muốn ủng hộ chú vũ Linh thôi",https://www.tiktok.com/@lipovitan.vn/video/7319377699707899154
brand thuê đúng 2vkck t block :)),https://www.tiktok.com/@lipovitan.vn/video/7319377699707899154
thuê ai ko thuê lại thuê ngay cặp này quảng cáo vậy trời 😂,https://www.tiktok.com/@lipovitan.vn/video/7319377699707899154
Nhùng và nhằng 😂😂😂,https://www.tiktok.com/@lipovitan.vn/video/7319377699707899154
Này cũng còn tùy vào bên phe chính nghĩa của mình nữa,https://www.tiktok.com/@lipovitan.vn/video/7319377699707899154
"Giá này rẻ quá, tui nghĩ chất lượng có vấn đề",https://www.tiktok.com/@lipovitan.vn/video/7319377699707899154
Không hẹn lại lên với cái bảo hiểm này,https://www.tiktok.com/@lipovitan.vn/video/7319377699707899154
phương trang vs thành bưởi à :)),https://www.tiktok.com/@lipovitan.vn/video/7319377699707899154
Không chốt với sản phẩm bảo hiểm này được,https://www.tiktok.com/@lipovitan.vn/video/7319377699707899154
Giờ chắc thất nghiệp nhiều,https://www.tiktok.com/@lipovitan.vn/video/7319377699707899154
"Ai mà ủng hộ phượng ve nữa, mãi về team của hồng loan",https://www.tiktok.com/@lipovitan.vn/video/7319377699707899154
Tui không thích cái bàn và cách bố trí mấy cái ghế kèm theo,https://www.tiktok.com/@lipovitan.vn/video/7319377699707899154
Bảo hiểm này là bảo hiểm nhân thọ đúng không mọi người?,https://www.tiktok.com/@lipovitan.vn/video/7319377699707899154
Tui bên chính nghĩa,https://www.tiktok.com/@lipovitan.vn/video/7319377699707899154
Nước này đặt bạn này thua rồi,https://www.tiktok.com/@lipovitan.vn/video/7319377699707899154
Ủng hộ chị hằng. Chị hằng mãi đỉnh,https://www.tiktok.com/@lipovitan.vn/video/7319377699707899154
"Giá này rẻ quá, tui nghĩ chất lượng có vấn đề",https://www.tiktok.com/@lipovitan.vn/video/7319369293962022151
Nhìn ngon quá bạn ơi 😍,https://www.tiktok.com/@lipovitan.vn/video/7319369293962022151
Hãng nào mà đặg bạn này vậy trời ơi,https://www.tiktok.com/@lipovitan.vn/video/7319369293962022151
Tui không thích cái bàn và cách bố trí mấy cái ghế kèm theo,https://www.tiktok.com/@lipovitan.vn/video/7319369293962022151
"So bề tài, sắc, lại là phần hơn.",https://www.tiktok.com/@lipovitan.vn/video/7319369293962022151
Này cũng còn tùy vào bên phe chính nghĩa của mình nữa,https://www.tiktok.com/@lipovitan.vn/video/7319369293962022151
Uống vô thấy khỏe là vì có nhiều đường😊,https://www.tiktok.com/@lipovitan.vn/video/7108536432741993730
Mua như thế nào ạ,https://www.tiktok.com/@lipovitan.vn/video/7108536432741993730
😂😂,https://www.tiktok.com/@lipovitan.vn/video/7108536432741993730
𝘾𝙃Ắ𝘾 𝙇À 𝙆𝙊 𝙂𝙄Ò𝙉 ĐÂ𝙐!,https://www.tiktok.com/@lipovitan.vn/video/7108536432741993730
Chú mất rồi😔,https://www.tiktok.com/@lipovitan.vn/video/7108536432741993730
chắc là ko tiểu đường đâu,https://www.tiktok.com/@lipovitan.vn/video/7108536432741993730
@brcuaaaaaaaaaaa,https://www.tiktok.com/@lipovitan.vn/video/7108536432741993730
Mọi người vào trang mình xem nhé . Cảm ơn mọi người nhiều 🥰,https://www.tiktok.com/@lipovitan.vn/video/7108536432741993730
đoạn đầu tưởng ba ah bị mẹ ah đuổi ra ngoài chứ 😂😂😂😂😂😂😂😂😂,https://www.tiktok.com/@lipovitan.vn/video/7108536432741993730
Mọi người đẩy người đẩy view giúp em nào😳,https://www.tiktok.com/@lipovitan.vn/video/7108536432741993730
nước tăng lực hân hạnh tài trợ chương trình nầy,https://www.tiktok.com/@lipovitan.vn/video/7108536432741993730
Đúng r . Làm mệt xong uống vào chết luôn . Review kím tiền thì giỏi kkk,https://www.tiktok.com/@lipovitan.vn/video/7108536432741993730
Uống xong ung thư xương luôn,https://www.tiktok.com/@lipovitan.vn/video/7108536432741993730
Thèm bò cụng quá 🥲,https://www.tiktok.com/@lipovitan.vn/video/7108536432741993730
nhặc đến tết. tôi tự nhiễn lại nội da gà🥺🥺gần tết mà chưa trả hết nợ😳😳,https://www.tiktok.com/@lipovitan.vn/video/7319370995943410952
bình thuận đi có 2 tiếng,https://www.tiktok.com/@lipovitan.vn/video/7319370995943410952
top 0. Combo kẹo ngô và bí đao :))),https://www.tiktok.com/@lipovitan.vn/video/7319370995943410952
xe ko đồng thì đi xe nhà,https://www.tiktok.com/@lipovitan.vn/video/7319370995943410952
7h xuất phát từ tphcm 6h tối tới quê :)))) kẹt xe cứng ngắc :)))),https://www.tiktok.com/@lipovitan.vn/video/7319370995943410952
Tui đi từ nam ra Bắc đi 2 ngày trừi ưi vừa vui vừa mắc cười,https://www.tiktok.com/@lipovitan.vn/video/7319370995943410952
gặp mình mình ở.lại làm tết xong ra tết nghĩ bù,https://www.tiktok.com/@lipovitan.vn/video/7319370995943410952
"T ở tp.hcm , quê t ở thanh hóa :)))",https://www.tiktok.com/@lipovitan.vn/video/7319370995943410952
Xloi tui đã chạy xe về,https://www.tiktok.com/@lipovitan.vn/video/7319370995943410952
vé 450k 🤡,https://www.tiktok.com/@lipovitan.vn/video/7319370995943410952
ở quê sẵng r nên ko lo😁,https://www.tiktok.com/@lipovitan.vn/video/7319370995943410952
tôi sẽ flo cả tiktok 🥰,https://www.tiktok.com/@lipovitan.vn/video/7319370995943410952
vé về 2 củ okok :),https://www.tiktok.com/@lipovitan.vn/video/7319370995943410952
"giống em nè,bữa nghỉ hè lên quê ngta cho nằm dưới sàn luôn",https://www.tiktok.com/@lipovitan.vn/video/7319370995943410952
Bình Phước (Đồng Phú)về Sóc Trăng (Mỹ Xuyên)🥺,https://www.tiktok.com/@lipovitan.vn/video/7319370995943410952
từ bình về cà mau . vè đến nhà 12 tiếng . đi 1 lần muốn khờ,https://www.tiktok.com/@lipovitan.vn/video/7319370995943410952
Thật là ý nghĩa🥰,https://www.tiktok.com/@lipovitan.vn/video/7319370995943410952
Bệnh nhiều quá chắc phải để ý tới bảo hiểm nhân thọ thôi,https://www.tiktok.com/@lipovitan.vn/video/7319377699707899154
Hãng nào mà đặg bạn này vậy trời ơi,https://www.tiktok.com/@lipovitan.vn/video/7319377699707899154
Có lẽ mình k hợp nước này. Uống nó dở thì thôi rồi,https://www.tiktok.com/@lipovitan.vn/video/7312671942253890834
😎,https://www.tiktok.com/@lipovitan.vn/video/7312671942253890834
🥰🥰🥰🥰,https://www.tiktok.com/@lipovitan.vn/video/7312671942253890834
🥰🥰🥰,https://www.tiktok.com/@lipovitan.vn/video/7312671942253890834
😂,https://www.tiktok.com/@lipovitan.vn/video/7312671942253890834
🥰,https://www.tiktok.com/@lipovitan.vn/video/7312671942253890834
😳,https://www.tiktok.com/@lipovitan.vn/video/7312671942253890834
@☀️phira🐰,https://www.tiktok.com/@lipovitan.vn/video/7312671942253890834
❤️,https://www.tiktok.com/@lipovitan.vn/video/7312671942253890834
@Trung Hiếu Real Estate,https://www.tiktok.com/@lipovitan.vn/video/7312671942253890834
@dlannnh,https://www.tiktok.com/@lipovitan.vn/video/7312671942253890834
[cry],https://www.tiktok.com/@lipovitan.vn/video/7312671942253890834
😁,https://www.tiktok.com/@lipovitan.vn/video/7312671942253890834
😂😂😂,https://www.tiktok.com/@lipovitan.vn/video/7312671942253890834
🥰,https://www.tiktok.com/@lipovitan.vn/video/7312671942253890834
🥰🥰,https://www.tiktok.com/@lipovitan.vn/video/7312671942253890834
🥰,https://www.tiktok.com/@lipovitan.vn/video/7312671942253890834
ko có trúng thưởng thì ko mua😂,https://www.tiktok.com/@lipovitan.vn/video/7312671942253890834
NEXTAT350KLIKES,https://www.tiktok.com/@lipovitan.vn/video/7312671942253890834
"Chúc tất cả anh chị em bạn bè gần xa một năm mới bình an, vạn sự may mắn nhé🍀",https://www.tiktok.com/@lipovitan.vn/video/7312671942253890834
"hi😅😅😅 quảng cáo hay quá🥰 nhiều đăc điểm , xem luôn🥰hayyyy🥰💯💯💯❤⭐✍",https://www.tiktok.com/@lipovitan.vn/video/7108538897017097473
Quanh đi quẩn lại vẫn là quảng cáo😂,https://www.tiktok.com/@lipovitan.vn/video/7108538897017097473
Chó: sen ơi tao nằm đây mà không thấy hả,https://www.tiktok.com/@lipovitan.vn/video/7108538897017097473
@phuocta205 @nhp2810 @tranloc01 @thaiminhluan06 canh chua ếch,https://www.tiktok.com/@lipovitan.vn/video/7108538897017097473
Anh thương vợ,https://www.tiktok.com/@lipovitan.vn/video/7108538897017097473
Đụng đầu con mực,https://www.tiktok.com/@lipovitan.vn/video/7108538897017097473
@yuno.mirainikki,https://www.tiktok.com/@lipovitan.vn/video/7108538897017097473
thua xa carabao,https://www.tiktok.com/@lipovitan.vn/video/7108538897017097473
chòi cả ngày xem cùng một quảng cáo 😂,https://www.tiktok.com/@lipovitan.vn/video/7108538897017097473
Canh nha que qua Tuyêt voi,https://www.tiktok.com/@lipovitan.vn/video/7108538897017097473
Có uống nước Trâu xanh chưa bạn ngon lắm,https://www.tiktok.com/@lipovitan.vn/video/7108538897017097473
🥰🥰,https://www.tiktok.com/@lipovitan.vn/video/7108538897017097473
🥰🥰🥰,https://www.tiktok.com/@lipovitan.vn/video/7108538897017097473
E tưởng chị thoing báo có bầu mà😳,https://www.tiktok.com/@lipovitan.vn/video/7108538897017097473
Dạo này có trend quảng cáo hả,https://www.tiktok.com/@lipovitan.vn/video/7108538897017097473
"Nay cái cam nó hơi mờ nha bà, nhớ chùi sạch cái hả quay 😅",https://www.tiktok.com/@lipovitan.vn/video/7108538897017097473
hết vé luôn,https://www.tiktok.com/@lipovitan.vn/video/7319370995943410952
xe phương trang là ko có chen chỉ có mắc thôi,https://www.tiktok.com/@lipovitan.vn/video/7319370995943410952
ngày trước bán vé xe thág tết mệt lã người luôn hàg hóa khách gửi nhiều xe thì tăg cườg liên tục gọi khách ra lấy vé vs ck trước mệt lỗ tai luôn,https://www.tiktok.com/@lipovitan.vn/video/7319370995943410952
đi phương trang sợ tới dà:)))),https://www.tiktok.com/@lipovitan.vn/video/7319370995943410952
có ai cách 1 căn là đến quê ko:),https://www.tiktok.com/@lipovitan.vn/video/7319370995943410952
Bình Phước đến nghệ an nha 2 ngày rưỡi,https://www.tiktok.com/@lipovitan.vn/video/7319370995943410952
@QuynhAnhh đi xe đó😏,https://www.tiktok.com/@lipovitan.vn/video/7319370995943410952
T đi xe nhà,https://www.tiktok.com/@lipovitan.vn/video/7319370995943410952
tui quê cao bằng đang tận bình dương 😪,https://www.tiktok.com/@lipovitan.vn/video/7319370995943410952
nghe bảo hết hạn doi😞,https://www.tiktok.com/@lipovitan.vn/video/7319370995943410952
tôi ở quê sẵn r 😇,https://www.tiktok.com/@lipovitan.vn/video/7319370995943410952
ai bình dương về cm nt tôi đặt vé nhe.,https://www.tiktok.com/@lipovitan.vn/video/7319370995943410952
ko nhe. sợ la ko tiền thoi,https://www.tiktok.com/@lipovitan.vn/video/7319370995943410952
Năm trước nhà tao ik xe hoa âu mà xém chết luôn may quá năm nay mua xe oto r,https://www.tiktok.com/@lipovitan.vn/video/7319370995943410952
"Mua vé máy bay hết 3,7tr xót",https://www.tiktok.com/@lipovitan.vn/video/7319370995943410952
họ trả nhiêu tiền để ah lm v,https://www.tiktok.com/@lipovitan.vn/video/7319370477871336711
mùng 4 mùng 5 thì về chi nữa ông nội,https://www.tiktok.com/@lipovitan.vn/video/7319370477871336711
có ở VN ko t ước s23 ultra mạ vàng 24k đính kim cương,https://www.tiktok.com/@lipovitan.vn/video/7319370477871336711
Tối qa làm về uống 1 lon thức nguyên đêm luôn,https://www.tiktok.com/@lipovitan.vn/video/7319370477871336711
ngon,https://www.tiktok.com/@lipovitan.vn/video/7319370477871336711
Đây là những gì toi muốn thấy khi lướt tiktok :)) ngoài gái,https://www.tiktok.com/@lipovitan.vn/video/7319370477871336711
tôn hoa sen sadi,https://www.tiktok.com/@lipovitan.vn/video/7319370477871336711
dk vé cho đã đến ngày không ai đi giống vụ của bà j hồi trước,https://www.tiktok.com/@lipovitan.vn/video/7319370477871336711
nịt,https://www.tiktok.com/@lipovitan.vn/video/7319370477871336711
cho e hỏi ko có xe về miền Tây à kì thị miền tây hả,https://www.tiktok.com/@lipovitan.vn/video/7319370477871336711
Nước này ngon thiệt nha mọi người😳,https://www.tiktok.com/@lipovitan.vn/video/7319370477871336711
Pr lỏ,https://www.tiktok.com/@lipovitan.vn/video/7319370477871336711
nước không ngon thì mình làm quảng cáo để mn ủng hộ 👍👍👍,https://www.tiktok.com/@lipovitan.vn/video/7319370477871336711
nói Về tình Người thì Hoa Sen Group Nhé 😏,https://www.tiktok.com/@lipovitan.vn/video/7319370477871336711
Minh cung ko ve,https://www.tiktok.com/@lipovitan.vn/video/7319370370090274056
Nước này ngon mà chất lượng ghê,https://www.tiktok.com/@lipovitan.vn/video/7319370370090274056
tôi ko về lâu lâu nữa đêm mới về thăm rồi lại đi🥺,https://www.tiktok.com/@lipovitan.vn/video/7319370370090274056
15 k về hả😅,https://www.tiktok.com/@lipovitan.vn/video/7319370370090274056
Ý nghĩa quá ạ🫶,https://www.tiktok.com/@lipovitan.vn/video/7319370370090274056
bác về mùng 1 sao-rằm lại k về😂,https://www.tiktok.com/@lipovitan.vn/video/7319370370090274056
"1 và 15,cứ về thôi🥺",https://www.tiktok.com/@lipovitan.vn/video/7319370370090274056
k về a ơi khổ rồi 😳,https://www.tiktok.com/@lipovitan.vn/video/7319370370090274056
về cả tháng 7 nữa chứ 😁,https://www.tiktok.com/@lipovitan.vn/video/7319370370090274056
không về nổi🥺🥺🥺,https://www.tiktok.com/@lipovitan.vn/video/7319370370090274056
tôi không có nhà để về.,https://www.tiktok.com/@lipovitan.vn/video/7319370370090274056
Vé cao quá,https://www.tiktok.com/@lipovitan.vn/video/7319370370090274056
cảm ơn lipovitan,https://www.tiktok.com/@lipovitan.vn/video/7319370370090274056
Em về đêm giao thừa thôi,https://www.tiktok.com/@lipovitan.vn/video/7319370370090274056
"whether others understand or not⚓02-01-2024 16:37:12",https://www.tiktok.com/@lipovitan.vn/video/7312671942253890834
"Sometimes️��01-01-2024 10:01:37",https://www.tiktok.com/@lipovitan.vn/video/7312671942253890834
"Face difficulties with a strong spirit and patience��01-01-2024 00:43:16",https://www.tiktok.com/@lipovitan.vn/video/7312671942253890834
bị bom hàng có LIPOOOOOOOOO,https://www.tiktok.com/@lipovitan.vn/video/7312671942253890834
"vị giống y chang bò húc, ngonn",https://www.tiktok.com/@lipovitan.vn/video/7312671942253890834
ngon mà nhỉ,https://www.tiktok.com/@lipovitan.vn/video/7312671942253890834
Uống xong bị khùng luôn cười trong khi ko ai chọc :)),https://www.tiktok.com/@lipovitan.vn/video/7312671942253890834
dở mà quảng cáo lắm,https://www.tiktok.com/@lipovitan.vn/video/7312671942253890834
Trang này bán nước ah,https://www.tiktok.com/@lipovitan.vn/video/7312671942253890834
Ngon hơn bò cụng,https://www.tiktok.com/@lipovitan.vn/video/7312671942253890834
tưởng nó nghỉ bán luôn rồi,https://www.tiktok.com/@lipovitan.vn/video/7312671942253890834
ko😌,https://www.tiktok.com/@lipovitan.vn/video/7312671942253890834
Cày rank cho tao,https://www.tiktok.com/@lipovitan.vn/video/7312671942253890834
Làm cty Nhật..ngày nào cũng làm 2-3 lon 1 ngày…vị ngọt vừa vừa 🥰🥰,https://www.tiktok.com/@lipovitan.vn/video/7312671942253890834
thuốc mà mấy ba má cứ nói như đồ uống giải khát,https://www.tiktok.com/@lipovitan.vn/video/7312671942253890834
"lúc đầu bạn uống sẽ nghe mùi vị thuốc tây, nhưng uống qua lon thứ 2 thì vị uống ngon. vì trong nước tăng lực lipovitan có thành phần taurin, hậu có vị chua nhẹ kích thích vị giác giúp ăn ngon hơn ạ.",https://www.tiktok.com/@lipovitan.vn/video/7312671942253890834
"nhăn nhó vị tạch ls, đl🥰",https://www.tiktok.com/@lipovitan.vn/video/7312671942253890834
đợi quản cáo tao uống đc 1 năm rồi =),https://www.tiktok.com/@lipovitan.vn/video/7312671942253890834
bò hút mới ngon nước đó bán chậm lắm,https://www.tiktok.com/@lipovitan.vn/video/7312671942253890834
Bên bạn có bán quần nam không,https://www.tiktok.com/@lipovitan.vn/video/7319370024987184391
khúc đầu làm nhạc phonk dc á,https://www.tiktok.com/@lipovitan.vn/video/7319370024987184391
Bên bạn có bán quần nam không,https://www.tiktok.com/@lipovitan.vn/video/7319370024987184391
Ai coi tử vi nữa,https://www.tiktok.com/@lipovitan.vn/video/7319370024987184391
Bảo hiểm chỗ này cũng ổn áp nha,https://www.tiktok.com/@lipovitan.vn/video/7319370024987184391
Làm sao mà tồn tại với lương ít như thế này đây,https://www.tiktok.com/@lipovitan.vn/video/7319370024987184391
Làm sao mà tồn tại với lương ít như thế này đây,https://www.tiktok.com/@lipovitan.vn/video/7319370024987184391
Mình muốn mua hai trăm cái váy,https://www.tiktok.com/@lipovitan.vn/video/7319370024987184391
việc dễ thì có j ạ 😳,https://www.tiktok.com/@lipovitan.vn/video/7319370024987184391
Thiếu nợ Lipo lo đc cho tôi ko ?,https://www.tiktok.com/@lipovitan.vn/video/7319370024987184391
(À),https://www.tiktok.com/@lipovitan.vn/video/7319370024987184391
Mình muốn mua quần size 33,https://www.tiktok.com/@lipovitan.vn/video/7319370024987184391
Toán khó thì s,https://www.tiktok.com/@lipovitan.vn/video/7319370024987184391
@🏸 😅,https://www.tiktok.com/@lipovitan.vn/video/7319370024987184391
🥰,https://www.tiktok.com/@lipovitan.vn/video/7319370024987184391
nhà t kinh Doanh vận tài😅,https://www.tiktok.com/@lipovitan.vn/video/7319370995943410952
mua xe hơi🤑🤑,https://www.tiktok.com/@lipovitan.vn/video/7319370995943410952
đi xe Phương Trang khum😀,https://www.tiktok.com/@lipovitan.vn/video/7319370995943410952
t ở nhà khỏi lo😂,https://www.tiktok.com/@lipovitan.vn/video/7319370995943410952
tui đi xe ô tô,https://www.tiktok.com/@lipovitan.vn/video/7319370995943410952
đi xe máy muốn đi lúc nào trả dc,https://www.tiktok.com/@lipovitan.vn/video/7319370995943410952
nhớ năm rồi có bạn lên xe ngủ một giấc mà xe chưa ra khỏi khu vực ở đó 😅,https://www.tiktok.com/@lipovitan.vn/video/7319370995943410952
em đi máy bay,https://www.tiktok.com/@lipovitan.vn/video/7319370995943410952
tết tui đi xe Chính Nghĩa Bình Phước về Quảng Ngãi,https://www.tiktok.com/@lipovitan.vn/video/7319370995943410952
đặt vé như nào vậy,https://www.tiktok.com/@lipovitan.vn/video/7319370995943410952
vé tàu 2 860 000,https://www.tiktok.com/@lipovitan.vn/video/7319370995943410952
nếu ko có đt thì sao ạ,https://www.tiktok.com/@lipovitan.vn/video/7319370995943410952
Tốp 1 bị xù lương 😅,https://www.tiktok.com/@lipovitan.vn/video/7319370995943410952
"uong nhieu hu than
😳😳😳",https://www.tiktok.com/@lipovitan.vn/video/7108536432741993730
Uống nhiều bệnh đó,https://www.tiktok.com/@lipovitan.vn/video/7108536432741993730
Uống nhiều đột quỵ,https://www.tiktok.com/@lipovitan.vn/video/7108536432741993730
mua bò húc uống đi cho khỏe 😂😂,https://www.tiktok.com/@lipovitan.vn/video/7108536432741993730
võ ba anh nhiêu tấn z anh monh anh rép 🥰🥰,https://www.tiktok.com/@lipovitan.vn/video/7108536432741993730
uống nhiều có quy cơ đột quỵ đó nhe bác sĩ nói đó,https://www.tiktok.com/@lipovitan.vn/video/7108536432741993730
ba ông dz hơn ông lun ấy,https://www.tiktok.com/@lipovitan.vn/video/7108536432741993730
bò hút ngon hơn,https://www.tiktok.com/@lipovitan.vn/video/7108536432741993730
1 thùng vậy bao n,https://www.tiktok.com/@lipovitan.vn/video/7108536432741993730
mùng 10 mới về 😞,https://www.tiktok.com/@lipovitan.vn/video/7319370370090274056
em quay vào ô trực tết anh ạ😂,https://www.tiktok.com/@lipovitan.vn/video/7319370370090274056
rằm ko về ak😳,https://www.tiktok.com/@lipovitan.vn/video/7319370370090274056
bon pakky,https://www.tiktok.com/@lipovitan.vn/video/7319370370090274056
@Yến Nhi sv ngheo hay xem vd này,https://www.tiktok.com/@lipovitan.vn/video/7319370370090274056
"Cảm ơn e, chú bộ đoại, video quảng cáo nhưng cũng rất ý nghĩa với những người xa quê hương",https://www.tiktok.com/@lipovitan.vn/video/7319370370090274056
ko@Kimhye🤗,https://www.tiktok.com/@lipovitan.vn/video/7319370370090274056
e tính ko về ạ😅,https://www.tiktok.com/@lipovitan.vn/video/7319370370090274056
em không anh,https://www.tiktok.com/@lipovitan.vn/video/7319370370090274056
@𝘓𝘦̂ 𝘏𝘰̂̀𝘯𝘨 Đ𝘶̛́𝘤,https://www.tiktok.com/@lipovitan.vn/video/7319370370090274056
e ko về dc tại e ko có quê,https://www.tiktok.com/@lipovitan.vn/video/7319370370090274056
@ZiênZiên92,https://www.tiktok.com/@lipovitan.vn/video/7319370370090274056
vị kì kì,https://www.tiktok.com/@lipovitan.vn/video/7312671942253890834
nước này tui mưa 6 lon trúng thưởng hết 4 lon :))),https://www.tiktok.com/@lipovitan.vn/video/7312671942253890834
😂😳😳😳😳😳😳😏🥰🥰🥰,https://www.tiktok.com/@lipovitan.vn/video/7319370024987184391
Hãy kêu gọi ủng hộ chị hằng nha mọi người,https://www.tiktok.com/@lipovitan.vn/video/7319370024987184391
Bảo hiểm này là bảo hiểm nhân thọ đúng không mọi người?,https://www.tiktok.com/@lipovitan.vn/video/7319370024987184391
Mình bấm vào số 1111 nãy giờ luôn đó mọi người ơi,https://www.tiktok.com/@lipovitan.vn/video/7319370024987184391
Hãy kêu gọi ủng hộ chị hằng nha mọi người,https://www.tiktok.com/@lipovitan.vn/video/7319370024987184391
Sống theo cách khiến bạn hạnh phúc ⚡,https://www.tiktok.com/@lipovitan.vn/video/7319370024987184391
Mình bấm vào số 1111 nãy giờ luôn đó mọi người ơi,https://www.tiktok.com/@lipovitan.vn/video/7319370024987184391
"Tội nghiệp cho ai sinh ra trong gia đình này, mình chỉ muốn ủng hộ chú vũ Linh thôi",https://www.tiktok.com/@lipovitan.vn/video/7319370024987184391
Ủa cũng có đặt quảng cáo nước tăng lực này nữa à,https://www.tiktok.com/@lipovitan.vn/video/7319370024987184391
Nước này đặt bạn này thua rồi,https://www.tiktok.com/@lipovitan.vn/video/7319370024987184391
Phe chính nghĩa mãi chiến thắng,https://www.tiktok.com/@lipovitan.vn/video/7319370024987184391
Hãng nào mà đặg bạn này vậy trời ơi,https://www.tiktok.com/@lipovitan.vn/video/7319370024987184391
Không chốt với sản phẩm bảo hiểm này được,https://www.tiktok.com/@lipovitan.vn/video/7319370024987184391
Này cũng còn tùy vào bên phe chính nghĩa của mình nữa,https://www.tiktok.com/@lipovitan.vn/video/7319370024987184391
Này cũng còn tùy vào bên phe chính nghĩa của mình nữa,https://www.tiktok.com/@lipovitan.vn/video/7319370024987184391
Giờ chắc thất nghiệp nhiều,https://www.tiktok.com/@lipovitan.vn/video/7319370024987184391
Đôi khi️��,https://www.tiktok.com/@lipovitan.vn/video/7319370024987184391
Ủa cũng có đặt quảng cáo nước tăng lực này nữa à,https://www.tiktok.com/@lipovitan.vn/video/7319370024987184391
Giờ chắc thất nghiệp nhiều,https://www.tiktok.com/@lipovitan.vn/video/7319370024987184391
Thấy bò húc vẫn là chân ái . Loại này uống xong làm một hồi hoa mắt đấy nó lấy năng lượng trong lúc đó thôi,https://www.tiktok.com/@lipovitan.vn/video/7319370024987184391
Chào các đồn hương Hà tịnh,https://www.tiktok.com/@lipovitan.vn/video/7319370995943410952
đặt lun vé lên lại sg r😂,https://www.tiktok.com/@lipovitan.vn/video/7319370995943410952
ước được 100 tim video đầu😪,https://www.tiktok.com/@lipovitan.vn/video/7319370995943410952
đi xe buồn đais đi đais thì bị lắc lư muốn ngã lun,https://www.tiktok.com/@lipovitan.vn/video/7319370995943410952
"combo em bé khóc , review phim max loa ngoài cứ phải gọi là kbh quên",https://www.tiktok.com/@lipovitan.vn/video/7319370995943410952
Nay có xe taxi ghép đưa đón tận nơi. Sướng như sếp.😳,https://www.tiktok.com/@lipovitan.vn/video/7319370995943410952
vốn bình dương ko hề kì lạ chỉ là họ phá cách dám đương đầu với những sự mới lạ,https://www.tiktok.com/@lipovitan.vn/video/7319370995943410952
bạn tui đặt vé xe từ tháng 9😂,https://www.tiktok.com/@lipovitan.vn/video/7319370995943410952
chúc mừng ha loan,https://www.tiktok.com/@lipovitan.vn/video/7319370995943410952
HCM về Bình Thuận đi xe máy gần 3 tiếng là tới. Tốn 50k tiền xăng thôi :))),https://www.tiktok.com/@lipovitan.vn/video/7319370995943410952
🥰🥰🥰🥰🥰🥰🥰,https://www.tiktok.com/@lipovitan.vn/video/7319370370090274056
🥰,https://www.tiktok.com/@lipovitan.vn/video/7319370370090274056
@Phương Lan Baekhyun❤,https://www.tiktok.com/@lipovitan.vn/video/7319370370090274056
😥😥😥,https://www.tiktok.com/@lipovitan.vn/video/7319370370090274056
"tết nay mình không về quê , vì chẳng có tiền để về quê , làm tháng này như không công , k còn ngàn",https://www.tiktok.com/@lipovitan.vn/video/7319370370090274056
nói sợ thế,https://www.tiktok.com/@lipovitan.vn/video/7319370370090274056
nghe cấn cấn sao ấy,https://www.tiktok.com/@lipovitan.vn/video/7319370370090274056
tui là ai@Dang Quang @Sibichi Tiên👑Bèo(Mẹ Kem&Kẹo) @Nguyen Khai @Đức Long @thích nghe nhạc ⭐ @Pô & Nịnh @Good Perfume @AE Xóm Tây @troll nguoi la,https://www.tiktok.com/@lipovitan.vn/video/7319370370090274056
Có,https://www.tiktok.com/@lipovitan.vn/video/7319370370090274056
ko,https://www.tiktok.com/@lipovitan.vn/video/7319370370090274056
hãng nước này có chuyến xe về quê free phải ko mọi người,https://www.tiktok.com/@lipovitan.vn/video/7319370370090274056
"Mình dù thế nào cũng sẽ về, nhà còn có bà có bố mẹ, có cả anh chị, dù có tiền hay không thì mọi người cũng mong chờ đông đủ",https://www.tiktok.com/@lipovitan.vn/video/7319370370090274056
muốn cũg ko đc hazz,https://www.tiktok.com/@lipovitan.vn/video/7319370370090274056
"tết là phải về chứ , đi cả năm , mấy ngày tết mới về đc , mỗi lần về là thấy cha mẹ lại già thêm đi , cho nên hãy về để đc gặp cha mẹ khi còn có thể nhé 🙂",https://www.tiktok.com/@lipovitan.vn/video/7319370370090274056
Tết này ko đc về nhà ăn tết với gia đình rồi buồn,https://www.tiktok.com/@lipovitan.vn/video/7319370370090274056
31/12 hết hạn s tháng 1 mới đăng nhỉ😂😂,https://www.tiktok.com/@lipovitan.vn/video/7319370370090274056
Tui bên chính nghĩa,https://www.tiktok.com/@lipovitan.vn/video/7319370024987184391
Dạo gần đây sao bảo hiểm cứ nhiều người đăng như thế này,https://www.tiktok.com/@lipovitan.vn/video/7319370024987184391
Nước này đặt bạn này thua rồi,https://www.tiktok.com/@lipovitan.vn/video/7319370024987184391
Hãng nào mà đặg bạn này vậy trời ơi,https://www.tiktok.com/@lipovitan.vn/video/7319370024987184391
p,https://www.tiktok.com/@lipovitan.vn/video/7319370024987184391
Jei,https://www.tiktok.com/@lipovitan.vn/video/7319370024987184391
"chắc gd lo cho anh lắm, về được mỗi mùng 1",https://www.tiktok.com/@lipovitan.vn/video/7319370370090274056
lipovitan. uống vào tan thận tan gan,https://www.tiktok.com/@lipovitan.vn/video/7319370370090274056
ngày rằm nữa,https://www.tiktok.com/@lipovitan.vn/video/7319370370090274056
db,https://www.tiktok.com/@lipovitan.vn/video/7319370370090274056
🔪🔪🔪,https://www.tiktok.com/@lipovitan.vn/video/7319370370090274056
"chú còn nhớ con k
chú TL mày là thằng nào vậy 😁😁😁😁😁",https://www.tiktok.com/@lipovitan.vn/video/7319370370090274056
Lmj có nhà mà về,https://www.tiktok.com/@lipovitan.vn/video/7319370370090274056
tao uống ngon mà tụi m cứ chê mặc dù ko bằng bò húc nhưng mà giá hợp lý t vẫn thích,https://www.tiktok.com/@lipovitan.vn/video/7319370370090274056
ko về đâu 😂,https://www.tiktok.com/@lipovitan.vn/video/7319370370090274056
Thế mà mọi người cứ bảo. Tháng về 2 ngày. Giờ e mới biết. Chỉ về 1 ngày thôi. Bị lừa rồi 🥺🥺🥺,https://www.tiktok.com/@lipovitan.vn/video/7319370370090274056
ko. con cái còn nhỏ dại. sao bỏ lại đc. đi xa lắm bé nhỏ quá chụi ko nổi.,https://www.tiktok.com/@lipovitan.vn/video/7319370370090274056
Ko ve me dui ra khoj nha,https://www.tiktok.com/@lipovitan.vn/video/7319370370090274056
